{
  "uuid" : "fd17be4e-a3b6-4b52-a001-b0b3257b6f21",
  "name" : "greenRobot",
  "delimiter" : "~",
  "templates" : [ {
    "uuid" : "56afaa61-e68a-4ded-9563-4e9c38e6320d",
    "name" : "event",
    "text" : "package ~packageName~;\n\npublic final class ~name~ {\n\n\tprivate final static org.slf4j.Logger log = org.slf4j.LoggerFactory.getLogger(~name~.class);\n\n\tpublic static void post(~fields:{it|~it.type~ ~it.name~};separator=\", \"~) {\n\t\tlog.info(\"post ~name~\");\n\t\torg.greenrobot.eventbus.EventBus.getDefault().post(new ~name~(~fields:{it|~it.name~};separator=\", \"~));\n\t}\n\n\t~fields:{it|public final ~it.type~ ~it.name~;};separator=\"\\n\"~\n\n\tpublic ~name~(~fields:{it|~it.type~ ~it.name~};separator=\", \"~) {\n\t\t~fields:{it|this.~it.name~ = ~it.name~;};separator=\"\\n\"~\n\t}\n} ",
    "parameters" : [ {
      "uuid" : "29d943da-0fde-404a-a0fa-26ccf96f2ab2",
      "name" : "packageName",
      "type" : "SINGLE",
      "argumentType" : "Object"
    }, {
      "uuid" : "b8517fb6-3686-419f-82fc-8018b50ebe82",
      "name" : "name",
      "type" : "SINGLE",
      "argumentType" : "String"
    }, {
      "uuid" : "9b10a522-a2a4-43ec-a050-de747c20840c",
      "name" : "fields",
      "type" : "KVLIST",
      "argumentType" : "Object",
      "keys" : [ {
        "uuid" : "323558e0-f84b-4eea-a2e4-8f2ec8d20a77",
        "name" : "type",
        "argumentType" : "Object"
      }, {
        "uuid" : "93d84e30-e13b-4a94-8b32-119900570f18",
        "name" : "name",
        "argumentType" : "Object"
      } ]
    } ]
  }, {
    "uuid" : "cd296481-8ea7-40f4-bb63-e85017f87f13",
    "name" : "subscribe",
    "text" : "@org.greenrobot.eventbus.Subscribe(~if(threadMode)~threadMode = org.greenrobot.eventbus.ThreadMode.~threadMode~~endif~)\npublic void on~eventName;format=\"capitalize\"~(~eventType~ event) {\n\t~statements:{it|~it~};separator=\"\\n\"~\n} ",
    "parameters" : [ {
      "uuid" : "d09a46f3-3b87-4a08-a68b-2567ec9cd7df",
      "name" : "threadMode",
      "type" : "SINGLE",
      "argumentType" : "Object"
    }, {
      "uuid" : "30189964-c2bd-411a-872f-250cea4dc184",
      "name" : "eventName",
      "type" : "SINGLE",
      "argumentType" : "Object"
    }, {
      "uuid" : "3b5f78a3-1e92-4558-bc38-c3a9e218560b",
      "name" : "eventType",
      "type" : "SINGLE",
      "argumentType" : "Object"
    }, {
      "uuid" : "ff0907c7-50dd-424d-9c1c-44f54703b123",
      "name" : "statements",
      "type" : "LIST",
      "argumentType" : "Object"
    } ]
  }, {
    "uuid" : "b0be682f-0c40-46c9-8da4-9948aa6fbe7d",
    "name" : "register",
    "text" : "org.greenrobot.eventbus.EventBus.getDefault().register(this); ",
    "parameters" : [ ]
  }, {
    "uuid" : "dc9d4f1e-29a6-43fb-97bb-1356c6d7805a",
    "name" : "post",
    "text" : "org.greenrobot.eventbus.EventBus.getDefault().post(new ~event~); ",
    "parameters" : [ {
      "uuid" : "e0a84f59-e6a3-49e5-b554-7daba9c62fc4",
      "name" : "event",
      "type" : "SINGLE",
      "argumentType" : "Object"
    } ]
  }, {
    "uuid" : "df872eb5-94d3-4cbf-adee-8d04644f9e23",
    "name" : "maven",
    "text" : "<dependency>\n\t<groupId>org.greenrobot</groupId>\n\t<artifactId>eventbus</artifactId>\n\t<version>3.2.0</version>\n</dependency> ",
    "parameters" : [ ]
  } ]
}