{
  "uuid" : "7fe57603-0b19-4825-9db4-f2ee73fa75f2",
  "name" : "JSX",
  "delimiter" : "~",
  "templates" : [ {
    "uuid" : "7651446b-9b2b-422c-9558-52097f364b58",
    "name" : "element",
    "text" : "<~name~~if(className)~ className=~className~~endif~~if(attributes)~ ~endif~~attributes:{it|~it.name~=~it.value~};separator=\" \"~~if(children)~>\n\t~children:{it|~it~};separator=\"\\n\"~\n</~name~>~else~ />~endif~ ",
    "children" : [ {
      "uuid" : "27112bcd-b66c-4d21-b34a-04928c1fb90c",
      "name" : "ul",
      "text" : "<ul ~if(className)~className=~className~~endif~~attributes:{it|~it.name~=~it.value~};separator=\" \"~~if(children)~>\n\t~children:{it|~it~};separator=\"\\n\"~\n</ul>~else~ />~endif~ ",
      "parameters" : [ {
        "uuid" : "67915028-0056-4eb2-bcb7-8b8153c61eaa",
        "name" : "className",
        "type" : "SINGLE",
        "argumentType" : "Object"
      }, {
        "uuid" : "b026aa39-ffba-42ad-8987-dc291d30408e",
        "name" : "attributes",
        "type" : "KVLIST",
        "argumentType" : "Object",
        "keys" : [ {
          "uuid" : "4906584a-8817-4fdd-85b9-72e18a18306f",
          "name" : "name",
          "argumentType" : "Object"
        }, {
          "uuid" : "34dd9d91-0abf-4409-996f-122942af442c",
          "name" : "value",
          "argumentType" : "Object"
        } ]
      }, {
        "uuid" : "8b18b59c-4b08-4632-bcfb-ec5100662f93",
        "name" : "children",
        "type" : "LIST",
        "argumentType" : "Object"
      } ]
    }, {
      "uuid" : "a5b7f7c9-23c9-44ae-966a-6c086cec3dc1",
      "name" : "div",
      "text" : "<div ~if(className)~className=~className~~endif~~attributes:{it|~it.name~=~it.value~};separator=\" \"~~if(children)~>\n\t~children:{it|~it~};separator=\"\\n\"~\n</div>~else~ />~endif~ ",
      "parameters" : [ {
        "uuid" : "c6261ed7-1b25-441f-902a-02e119f2041e",
        "name" : "className",
        "type" : "SINGLE",
        "argumentType" : "Object"
      }, {
        "uuid" : "51e9a823-d21f-4082-9b57-981e61a9ef0a",
        "name" : "attributes",
        "type" : "KVLIST",
        "argumentType" : "Object",
        "keys" : [ {
          "uuid" : "00a9e1e8-fdb8-4c6e-a2a1-9c986c4a7c5f",
          "name" : "name",
          "argumentType" : "Object"
        }, {
          "uuid" : "635bee7e-d99d-40c4-9989-0c786d6c0c68",
          "name" : "value",
          "argumentType" : "Object"
        } ]
      }, {
        "uuid" : "ac197a92-a552-49fd-8c8c-802efcc3be5a",
        "name" : "children",
        "type" : "LIST",
        "argumentType" : "Object"
      } ]
    }, {
      "uuid" : "14926183-1503-437d-af81-08414296d727",
      "name" : "form",
      "text" : "<form ~if(className)~className=~className~ ~endif~onSubmit=~onSubmit~ noValidate~if(children)~>\n\t~children:{it|~it~};separator=\"\\n\"~\n</form>~else~ />~endif~ ",
      "parameters" : [ {
        "uuid" : "540f2b2a-a7e4-4772-b9af-8c459b84c641",
        "name" : "className",
        "type" : "SINGLE",
        "argumentType" : "Object"
      }, {
        "uuid" : "ab2a8f7b-7c09-44a8-882b-16dda58e5411",
        "name" : "onSubmit",
        "type" : "SINGLE",
        "argumentType" : "Object"
      }, {
        "uuid" : "0b23ce2f-115f-47e7-9e67-414ee606435a",
        "name" : "children",
        "type" : "LIST",
        "argumentType" : "Object"
      } ]
    } ],
    "parameters" : [ {
      "uuid" : "0a6c8181-5b48-40b2-8266-f9632e9a84d4",
      "name" : "name",
      "type" : "SINGLE",
      "argumentType" : "Object"
    }, {
      "uuid" : "d697c52f-c321-4dfd-96ab-b3a482912b3d",
      "name" : "className",
      "type" : "SINGLE",
      "argumentType" : "Object"
    }, {
      "uuid" : "29cae910-1aa3-41e3-b3b1-dad62faabf06",
      "name" : "attributes",
      "type" : "KVLIST",
      "argumentType" : "Object",
      "keys" : [ {
        "uuid" : "06f6887b-3daf-4753-99d9-e4ea2c699a20",
        "name" : "name",
        "argumentType" : "Object"
      }, {
        "uuid" : "5f2cfc73-adb6-4401-b05f-2ea1ce80ad96",
        "name" : "value",
        "argumentType" : "Object"
      } ]
    }, {
      "uuid" : "e06c5792-66d5-4d4d-aa6f-35f88d4896a7",
      "name" : "children",
      "type" : "LIST",
      "argumentType" : "Object"
    } ]
  } ]
}