{
  "uuid" : "b91f67b4-aabe-4d36-9640-5da032a7c367",
  "name" : "Kotlin",
  "delimiter" : "~",
  "templates" : [ {
    "uuid" : "b0d84ace-e597-44bb-92a6-e6d4953c5b1d",
    "name" : "Grammar",
    "text" : "",
    "children" : [ {
      "uuid" : "352bd280-ece0-49bc-a0b4-973396c4c454",
      "name" : "Declarations",
      "text" : "",
      "children" : [ {
        "uuid" : "cf797087-800a-45b5-9ef9-678e61e660c2",
        "name" : "AnnotationDeclaration",
        "text" : "@~if(scope)~~scope~.~endif~~name~~if(params)~(~params:{it|~it~};separator=\", \"~)~endif~ ",
        "parameters" : [ {
          "uuid" : "647b7a0a-2b86-4c0b-8fe2-88e4647f5fc6",
          "name" : "scope",
          "type" : "SINGLE",
          "argumentType" : "String"
        }, {
          "uuid" : "bc4e9638-2db7-461e-bdc6-d0bc08138ad4",
          "name" : "name",
          "type" : "SINGLE",
          "argumentType" : "String"
        }, {
          "uuid" : "58c694af-a4a9-43c2-b6ef-ef4d8357e221",
          "name" : "params",
          "type" : "LIST",
          "argumentType" : "Expression"
        } ],
        "children" : [ ]
      }, {
        "uuid" : "3dd75d30-c836-427b-a771-6d4687f8c781",
        "name" : "PackageDeclaration",
        "text" : "package ~name~",
        "parameters" : [ {
          "uuid" : "9829e8f1-025a-4fcc-bfce-c253f4de0912",
          "name" : "name",
          "type" : "SINGLE",
          "argumentType" : "String"
        } ]
      }, {
        "uuid" : "f05c4cbf-3b7e-4156-9906-99ae7e7c47a6",
        "name" : "ClassDeclaration",
        "text" : "~comments~\n~annotations:{it|~it~};separator=\"\\n\"~\n~if(isOpen)~open ~elseif(isAbstract)~abstract ~endif~class ~name~~if(fields)~(\n\t~fields:{it|~it~};separator=\",\\n\"~\n)~endif~~if(extends)~ : ~extends:{it|~it~};separator=\", \"~~endif~ {\n\n\t~properties:{it|~it~};separator=\"\\n\\n\"~\n\t~companionObject~\n\n\t~subclasses:{it|~it~};separator=\"\\n\\n\"~\n\n\t~overrideEquals~\n\n\t~overrideHashCode~\n\n\t~overrideToString~\n\n\t~members:{it|~it~};separator=\"\\n\\n\"~\n} ",
        "parameters" : [ {
          "uuid" : "b257e632-d1ce-4dab-aae4-2b2762dbee54",
          "name" : "comments",
          "type" : "SINGLE",
          "argumentType" : "Comment"
        }, {
          "uuid" : "00eae73a-0215-407e-ac1a-0ac7d3edcb93",
          "name" : "annotations",
          "type" : "LIST",
          "argumentType" : "AnnotationDeclaration"
        }, {
          "uuid" : "376a5ec0-5aad-482b-96bb-b6f32aa7655d",
          "name" : "isOpen",
          "type" : "SINGLE",
          "argumentType" : "Boolean"
        }, {
          "uuid" : "5ddc8f9f-d98c-4c42-86ac-09142fcac839",
          "name" : "isAbstract",
          "type" : "SINGLE",
          "argumentType" : "Boolean"
        }, {
          "uuid" : "257e6c86-997e-408f-82b6-8fb65300c4ed",
          "name" : "name",
          "type" : "SINGLE",
          "argumentType" : "String"
        }, {
          "uuid" : "bd0ce27d-206f-4ef6-a341-5fdccb497126",
          "name" : "fields",
          "type" : "LIST",
          "argumentType" : "ParameterDefinition"
        }, {
          "uuid" : "0df73d60-9f76-468f-bb45-3c96a5352ca1",
          "name" : "extends",
          "type" : "LIST",
          "argumentType" : "Extending"
        }, {
          "uuid" : "8aa8fc75-ad8d-4a55-bc49-21d708530138",
          "name" : "properties",
          "type" : "LIST",
          "argumentType" : "PropertyDeclaration"
        }, {
          "uuid" : "105acc86-f675-4ce1-b6b5-b424cf633a30",
          "name" : "companionObject",
          "type" : "SINGLE",
          "argumentType" : "CompanionObject"
        }, {
          "uuid" : "c4a949c5-ba91-4c86-b94d-dee08916a932",
          "name" : "subclasses",
          "type" : "LIST",
          "argumentType" : "ClassDefinition"
        }, {
          "uuid" : "39366560-8979-4ea0-bc37-c93955ff538d",
          "name" : "overrideEquals",
          "type" : "SINGLE",
          "argumentType" : "OverrideEquals"
        }, {
          "uuid" : "a1194053-14b7-44b1-80b8-9af14d4cc45e",
          "name" : "overrideHashCode",
          "type" : "SINGLE",
          "argumentType" : "OverrideHashCode"
        }, {
          "uuid" : "6a99d2d8-fc6c-4c5a-abe3-9b22a6cb8e25",
          "name" : "overrideToString",
          "type" : "SINGLE",
          "argumentType" : "OverrideToString"
        }, {
          "uuid" : "4ecd0eac-030a-4709-ae6a-20dffad4c340",
          "name" : "members",
          "type" : "LIST",
          "argumentType" : "FunctionDeclaration"
        } ],
        "children" : [ {
          "uuid" : "ac119cc9-31e2-48b0-822c-4fb713f7cbd4",
          "name" : "OverrideEquals",
          "text" : "override fun equals(other: Any?): Boolean {\n\tif (other !is ~className~) return false\n\treturn if (other === this) true\n\telse\n\t\t~fields:{it|~it~};separator=\" && \"~\n} ",
          "parameters" : [ {
            "uuid" : "0267d52b-0a38-48cc-845b-0d7dbbf9e696",
            "name" : "className",
            "type" : "SINGLE",
            "argumentType" : "String"
          }, {
            "uuid" : "e9e3857c-41bc-4cd1-a2db-7949a8e52b25",
            "name" : "fields",
            "type" : "LIST",
            "argumentType" : "Expression"
          } ]
        }, {
          "uuid" : "af33183e-aa15-4220-b24e-2cd3dde33384",
          "name" : "OverrideHashCode",
          "text" : "override fun hashCode(): Int {\n\t~returnStatement~\n} ",
          "parameters" : [ {
            "uuid" : "9a4b6e1a-403f-4191-ac88-ed672132dedd",
            "name" : "returnStatement",
            "type" : "SINGLE",
            "argumentType" : "ReturnStatement"
          } ]
        }, {
          "uuid" : "91608716-9aa7-41e5-958a-bdce665fd59f",
          "name" : "OverrideToString",
          "text" : "override fun toString(): String {\n\treturn \"~className~(~fields:{it|~it.name~=~it.output~};separator=\", \"~)\"\n} ",
          "parameters" : [ {
            "uuid" : "fb99af53-d88a-4f22-9914-2d05189828e7",
            "name" : "className",
            "type" : "SINGLE",
            "argumentType" : "String"
          }, {
            "uuid" : "f6b7181a-9405-48a5-84ca-87a30eb0494a",
            "name" : "fields",
            "type" : "KVLIST",
            "argumentType" : "Object",
            "keys" : [ {
              "uuid" : "67011442-4277-432c-b3d6-ab917235a72c",
              "name" : "name",
              "argumentType" : "String"
            }, {
              "uuid" : "c8135101-5cab-4617-beb4-154102f4ca3d",
              "name" : "output",
              "argumentType" : "KotlinStringTemplate"
            } ]
          } ]
        }, {
          "uuid" : "39867c4e-8872-40bb-9888-cecc0059c257",
          "name" : "CompanionObject",
          "text" : "companion ~objectDeclaration~ ",
          "parameters" : [ {
            "uuid" : "7ff41a4f-84b6-47ba-97d9-ca8161035eda",
            "name" : "objectDeclaration",
            "type" : "SINGLE",
            "argumentType" : "ObjectDeclaration"
          } ]
        } ],
        "implements" : [ "CompilationUnit", "ClassDefinition" ]
      }, {
        "uuid" : "653bb737-c5cb-401f-939f-6359a97fd7d6",
        "name" : "PropertyDeclaration",
        "text" : "~annotations:{it|~it~};separator=\"\\n\"~\n~if(isAbstract)~abstract ~endif~~if(override)~override ~endif~~if(isPrivate)~private ~elseif(isProtected)~protected ~endif~~if(isMutable)~var ~else~val ~endif~~name~~if(type)~: ~type~~endif~~if(initializer)~ = ~initializer~~endif~~if(privateSetter)~\n\tprivate set~endif~ ",
        "parameters" : [ {
          "uuid" : "b3f43ef1-8777-4ffd-add4-c645a90d671f",
          "name" : "annotations",
          "type" : "LIST",
          "argumentType" : "AnnotationDeclaration"
        }, {
          "uuid" : "69d53ce3-2642-460b-a6c2-cae24f94217a",
          "name" : "isAbstract",
          "type" : "SINGLE",
          "argumentType" : "Boolean"
        }, {
          "uuid" : "e8d744b8-56f6-485f-a47e-32f055459eaa",
          "name" : "override",
          "type" : "SINGLE",
          "argumentType" : "Boolean"
        }, {
          "uuid" : "67c972d8-ecd3-4547-954b-a87464a45846",
          "name" : "isPrivate",
          "type" : "SINGLE",
          "argumentType" : "Boolean"
        }, {
          "uuid" : "aa786f52-50f0-4be5-a9e8-59bcf3a49979",
          "name" : "isProtected",
          "type" : "SINGLE",
          "argumentType" : "Boolean"
        }, {
          "uuid" : "5c9136ff-8310-48d8-b9f6-a3b977c233c4",
          "name" : "isMutable",
          "type" : "SINGLE",
          "argumentType" : "Boolean"
        }, {
          "uuid" : "dfbd7659-adbe-4a03-8352-5cea1352a20e",
          "name" : "name",
          "type" : "SINGLE",
          "argumentType" : "String"
        }, {
          "uuid" : "ce1a46f3-df94-4db4-b9f3-912bdbaa77ca",
          "name" : "type",
          "type" : "SINGLE",
          "argumentType" : "TypeDeclaration"
        }, {
          "uuid" : "771a4dfa-af72-4553-8367-6d623e347ac5",
          "name" : "initializer",
          "type" : "SINGLE",
          "argumentType" : "Expression"
        }, {
          "uuid" : "9b0ef69b-ee0c-4043-9612-71ca18e25b19",
          "name" : "privateSetter",
          "type" : "SINGLE",
          "argumentType" : "Boolean"
        } ],
        "implements" : [ "ParameterDefinition" ]
      }, {
        "uuid" : "927474a1-3d34-4a60-83ca-5025dbd47a19",
        "name" : "FunctionDeclaration",
        "text" : "~annotations:{it|~it~};separator=\"\\n\"~\n~if(override)~override ~endif~fun ~name~(~params:{it|~it~};separator=\", \"~)~if(returnType)~: ~returnType~~endif~~if(expressionBody)~ =\n\t~expressionBody~~else~~if(statements)~ {\n\t~statements:{it|~it~};separator=\"\\n\"~\n}~endif~~endif~ ",
        "parameters" : [ {
          "uuid" : "ea1bd02f-d9aa-42ae-9e90-bc6ffd622cfc",
          "name" : "annotations",
          "type" : "LIST",
          "argumentType" : "AnnotationDeclaration"
        }, {
          "uuid" : "b256a6c8-5f0f-4ffb-9321-da5dc0b07070",
          "name" : "override",
          "type" : "SINGLE",
          "argumentType" : "Boolean"
        }, {
          "uuid" : "4c4d1984-5821-4048-addd-a758596a287f",
          "name" : "name",
          "type" : "SINGLE",
          "argumentType" : "String"
        }, {
          "uuid" : "bc30edb0-9970-431d-8385-328d28364ca7",
          "name" : "params",
          "type" : "LIST",
          "argumentType" : "FunctionParam"
        }, {
          "uuid" : "67a1ca17-b075-48d5-a72c-928cd7585a1a",
          "name" : "returnType",
          "type" : "SINGLE",
          "argumentType" : "TypeDeclaration"
        }, {
          "uuid" : "ca8e4ea3-f8a2-4984-a8a0-e250d5e029eb",
          "name" : "expressionBody",
          "type" : "SINGLE",
          "argumentType" : "Expression"
        }, {
          "uuid" : "c5f84421-e09b-41cd-a954-4c1bcd748627",
          "name" : "statements",
          "type" : "LIST",
          "argumentType" : "Statement"
        } ],
        "implements" : [ "CompilationUnit" ],
        "children" : [ {
          "uuid" : "947b0577-03a2-46c4-87f1-0fec7c5c4955",
          "name" : "FunctionParam",
          "text" : "~name~: ~typeDeclaration~~if(defaultValue)~ = ~defaultValue~~endif~ ",
          "parameters" : [ {
            "uuid" : "ad989458-dee9-45cf-95c2-f8a36a754846",
            "name" : "name",
            "type" : "SINGLE",
            "argumentType" : "String"
          }, {
            "uuid" : "90828ebe-c268-448c-824e-9301075d1c6e",
            "name" : "typeDeclaration",
            "type" : "SINGLE",
            "argumentType" : "TypeDeclaration"
          }, {
            "uuid" : "0a33b8ce-69f5-4e5c-b5dc-15bb1368cd28",
            "name" : "defaultValue",
            "type" : "SINGLE",
            "argumentType" : "Expression"
          } ]
        } ]
      }, {
        "uuid" : "eb96b45e-7f6c-41c9-b12d-766f2518fb70",
        "name" : "DataClassDeclaration",
        "text" : "~comments~\n~annotations:{it|~it~};separator=\"\\n\"~\ndata class ~name~(\n\t~fields:{it|~it~};separator=\",\\n\"~\n)~if(members)~ {\n\n\t~members:{it|~it~};separator=\"\\n\"~\n\n\t~subclasses:{it|~it~};separator=\"\\n\"~\n}~endif~ ",
        "parameters" : [ {
          "uuid" : "aa0a7823-3f31-4867-8553-e39f72019f82",
          "name" : "comments",
          "type" : "SINGLE",
          "argumentType" : "Comment"
        }, {
          "uuid" : "1c333376-28fe-4e85-9388-f114b6aede37",
          "name" : "annotations",
          "type" : "LIST",
          "argumentType" : "AnnotationDeclaration"
        }, {
          "uuid" : "999529f1-ceb3-4d59-afb9-0de88f3c2438",
          "name" : "name",
          "type" : "SINGLE",
          "argumentType" : "String"
        }, {
          "uuid" : "eab7e4f8-44f4-4e14-90fa-354734db0584",
          "name" : "fields",
          "type" : "LIST",
          "argumentType" : "PropertyDeclaration"
        }, {
          "uuid" : "fd3fe96d-1cf7-4677-8a92-dd13b729d6ac",
          "name" : "members",
          "type" : "LIST",
          "argumentType" : "FunctionDeclaration"
        }, {
          "uuid" : "867dea2c-868e-4413-a9d6-2e40a4041a6a",
          "name" : "subclasses",
          "type" : "LIST",
          "argumentType" : "ClassDefinition"
        } ],
        "implements" : [ "CompilationUnit", "ClassDefinition" ]
      }, {
        "uuid" : "d8f6d617-8b70-4f6a-abed-0aeb744e10b8",
        "name" : "ExtendingClass",
        "text" : "~name~(~params:{it|~it~};separator=\", \"~) ",
        "parameters" : [ {
          "uuid" : "83286565-6fc0-4205-b7e5-e1dffe6dd0e4",
          "name" : "name",
          "type" : "SINGLE",
          "argumentType" : "TypeDeclaration"
        }, {
          "uuid" : "b14ae99c-5030-43dc-a518-ed97a3349c33",
          "name" : "params",
          "type" : "LIST",
          "argumentType" : "Expression"
        } ],
        "implements" : [ "Extending" ]
      }, {
        "uuid" : "6c60ab16-ddb0-4390-8a97-e25b85612d33",
        "name" : "ImplementingInterface",
        "text" : "~type~ ",
        "parameters" : [ {
          "uuid" : "67311775-f959-4f3d-a0a2-f4fed0f6061c",
          "name" : "type",
          "type" : "SINGLE",
          "argumentType" : "TypeDeclaration"
        } ],
        "implements" : [ "Extending" ]
      }, {
        "uuid" : "a9848c62-2342-4de7-87ce-73c9015fc16e",
        "name" : "InterfaceDeclaration",
        "text" : "~comments~\ninterface ~name~~if(extends)~: ~extends:{it|~it~};separator=\", \"~~endif~~if(members)~ { ~elseif(properties)~ {~endif~\n\n\t~properties:{it|~it~};separator=\"\\n\\n\"~\n\t~members:{it|~it~};separator=\"\\n\\n\"~\n~if(members)~}~elseif(properties)~}~endif~ ",
        "parameters" : [ {
          "uuid" : "cf1c2f14-68f8-46c1-bb6b-0d2983311faa",
          "name" : "comments",
          "type" : "SINGLE",
          "argumentType" : "Comment"
        }, {
          "uuid" : "512aea3f-51d9-45e9-8030-b0c24a66fd82",
          "name" : "name",
          "type" : "SINGLE",
          "argumentType" : "String"
        }, {
          "uuid" : "d1de985b-1a86-45d8-8ae0-04c2078c0ea8",
          "name" : "extends",
          "type" : "LIST",
          "argumentType" : "Extending"
        }, {
          "uuid" : "3af5629e-80e9-4f12-950a-0995024ce7e4",
          "name" : "members",
          "type" : "LIST",
          "argumentType" : "FunctionDeclaration"
        }, {
          "uuid" : "6aed581d-4d63-4fce-8e30-36f7f4376fe4",
          "name" : "properties",
          "type" : "LIST",
          "argumentType" : "PropertyDeclaration"
        } ],
        "implements" : [ "ClassDefinition", "CompilationUnit" ]
      }, {
        "uuid" : "39a53af3-04c1-4ffa-9fcd-c263cd542d8e",
        "name" : "ParameterDeclaration",
        "text" : "~name~~if(type)~: ~type~~endif~~if(initializer)~ = ~initializer~~endif~ ",
        "parameters" : [ {
          "uuid" : "e4d55a4f-849e-4c8b-b643-27d4b02c3204",
          "name" : "name",
          "type" : "SINGLE",
          "argumentType" : "String"
        }, {
          "uuid" : "d57cb53e-46ba-4fb7-ad43-68dc6f198161",
          "name" : "type",
          "type" : "SINGLE",
          "argumentType" : "TypeDeclaration"
        }, {
          "uuid" : "d2a09ed4-be7d-4e36-a150-aeb555f8aa4c",
          "name" : "initializer",
          "type" : "SINGLE",
          "argumentType" : "Expression"
        } ],
        "implements" : [ "ParameterDefinition" ]
      }, {
        "uuid" : "5f2967c8-4eed-47cd-85c1-3384bc516f49",
        "name" : "ObjectDeclaration",
        "text" : "object~if(name)~ ~name~~endif~~if(extends)~ : ~extends:{it|~it~};separator=\", \"~~endif~ {\n\t~fields:{it|~it~};separator=\"\\n\"~\n\n\t~members:{it|~it~};separator=\"\\n\"~\n} ",
        "parameters" : [ {
          "uuid" : "5bb25d0e-559c-4da3-9051-23f7965e4919",
          "name" : "name",
          "type" : "SINGLE",
          "argumentType" : "String"
        }, {
          "uuid" : "25367cba-5a2f-4093-a63f-02155d89676a",
          "name" : "extends",
          "type" : "LIST",
          "argumentType" : "Extending"
        }, {
          "uuid" : "b02cd7b0-5ff2-455c-a6bd-37afb7602e5b",
          "name" : "fields",
          "type" : "LIST",
          "argumentType" : "PropertyDeclaration"
        }, {
          "uuid" : "85260653-0db8-48d8-9832-e24c7bde1d58",
          "name" : "members",
          "type" : "LIST",
          "argumentType" : "FunctionDeclaration"
        } ],
        "implements" : [ "CompilationUnit" ]
      }, {
        "uuid" : "a83e8fce-95d7-42a5-b6f1-8b81f7243187",
        "name" : "EnumClassDeclaration",
        "text" : "~comments~\nenum class ~name~~if(params)~(~params:{it|~it~};separator=\", \"~)~endif~ {\n\t~values:{it|~it~};separator=\",\\n\"~\n} ",
        "implements" : [ "CompilationUnit", "ClassDefinition" ],
        "parameters" : [ {
          "uuid" : "004c79ac-84f5-4733-8921-2fd244f70485",
          "name" : "comments",
          "type" : "SINGLE",
          "argumentType" : "Comment"
        }, {
          "uuid" : "2286758b-1fd6-431a-8425-0579bb4a24a8",
          "name" : "name",
          "type" : "SINGLE",
          "argumentType" : "String"
        }, {
          "uuid" : "625de2ca-6960-4560-8f09-213fd2ac01cc",
          "name" : "params",
          "type" : "LIST",
          "argumentType" : "PropertyDeclaration"
        }, {
          "uuid" : "3593a038-b75e-4a86-8573-8168e0c218ab",
          "name" : "values",
          "type" : "LIST",
          "argumentType" : "EnumField"
        } ],
        "children" : [ {
          "uuid" : "16e1b082-0632-44ec-92c0-1b6dce637ce5",
          "name" : "EnumField",
          "text" : "~name~~if(inputs)~(~inputs:{it|~it~};separator=\", \"~)~endif~ ",
          "parameters" : [ {
            "uuid" : "4aea8bef-6b39-4434-8d37-900875b90d98",
            "name" : "name",
            "type" : "SINGLE",
            "argumentType" : "String"
          }, {
            "uuid" : "52507b54-2cea-4353-abc3-be28a09eed95",
            "name" : "inputs",
            "type" : "LIST",
            "argumentType" : "Expression"
          } ]
        } ]
      } ]
    }, {
      "uuid" : "6ba51d6b-19b3-48f8-8fa1-c51fe4874579",
      "name" : "Statements",
      "text" : "",
      "children" : [ {
        "uuid" : "8e4e3524-7335-49ca-88f6-80f17cf28ae6",
        "name" : "ImportStatement",
        "text" : "import ~scope~.~name~ ",
        "implements" : [ "Statement" ],
        "parameters" : [ {
          "uuid" : "c1c49b43-d1e6-4ed0-b8e8-386e4275abde",
          "name" : "scope",
          "type" : "SINGLE",
          "argumentType" : "String"
        }, {
          "uuid" : "f88d948b-bc10-4d57-8604-cec22f478ea0",
          "name" : "name",
          "type" : "SINGLE",
          "argumentType" : "String"
        } ]
      }, {
        "uuid" : "b23e00dd-f748-4d6d-a29b-615e03477ec0",
        "name" : "TodoStatement",
        "text" : "TODO(\"~reason~\") ",
        "implements" : [ "Statement" ],
        "parameters" : [ {
          "uuid" : "f7fc9a2a-084c-4009-b9f0-963580b51cbe",
          "name" : "reason",
          "type" : "SINGLE",
          "argumentType" : "String"
        } ]
      }, {
        "uuid" : "9c5c63bd-eba1-4f9c-b355-6ba80a849f9b",
        "name" : "ReturnStatement",
        "text" : "return ~expression~ ",
        "implements" : [ "Statement" ],
        "parameters" : [ {
          "uuid" : "cb830691-7484-4976-8d54-c8f00e44ea26",
          "name" : "expression",
          "type" : "SINGLE",
          "argumentType" : "Expression"
        } ]
      }, {
        "uuid" : "1a94ff66-2fad-44cb-b401-a45e35f371f5",
        "name" : "VarDeclarationStatement",
        "text" : "~if(isMutable)~var ~else~val ~endif~~name~~if(type)~: ~type~~endif~~if(initializer)~ = ~initializer~~endif~ ",
        "implements" : [ "Statement" ],
        "parameters" : [ {
          "uuid" : "e9279abb-07dc-4273-8b20-1485c11204b3",
          "name" : "isMutable",
          "type" : "SINGLE",
          "argumentType" : "Boolean"
        }, {
          "uuid" : "b6a777d8-5fcf-4854-886f-2653c00e7277",
          "name" : "name",
          "type" : "SINGLE",
          "argumentType" : "String"
        }, {
          "uuid" : "783eef1b-a2a8-4845-856e-5b855201d7be",
          "name" : "type",
          "type" : "SINGLE",
          "argumentType" : "TypeDeclaration"
        }, {
          "uuid" : "758d9c46-3acc-4db1-a544-b8c9d2229a3b",
          "name" : "initializer",
          "type" : "SINGLE",
          "argumentType" : "Expression"
        } ]
      }, {
        "uuid" : "3d3a2974-9820-4dc6-baa6-96be65b6bdb6",
        "name" : "IfStatement",
        "text" : "if(~logicalExpression~) {\n\t~statements:{it|~it~};separator=\"\\n\"~\n} ",
        "implements" : [ "Statement" ],
        "parameters" : [ {
          "uuid" : "49e0747b-53c1-4f3d-ab5d-8831e61419ec",
          "name" : "logicalExpression",
          "type" : "SINGLE",
          "argumentType" : "LogicalExpression"
        }, {
          "uuid" : "f5f88ea3-0a6d-40ce-8e21-a9254cb69d77",
          "name" : "statements",
          "type" : "LIST",
          "argumentType" : "Statement"
        } ]
      }, {
        "uuid" : "fb87c3f7-95af-43f0-8dfc-652f52467577",
        "name" : "CommentBlock",
        "text" : "/*\n~comment~\n*/ ",
        "implements" : [ "Statement", "Comment" ],
        "parameters" : [ {
          "uuid" : "5c9474a5-307c-4cb5-aecd-0131aef2d7dd",
          "name" : "comment",
          "type" : "SINGLE",
          "argumentType" : "String"
        } ]
      }, {
        "uuid" : "1a37294c-4755-42df-989d-fab2f247ad2e",
        "name" : "SingleLineComment",
        "text" : "// ~comment~ ",
        "implements" : [ "Statement", "Comment" ],
        "parameters" : [ {
          "uuid" : "9f72b7a6-091c-4a9b-acb4-d319df85a935",
          "name" : "comment",
          "type" : "SINGLE",
          "argumentType" : "String"
        } ]
      } ]
    }, {
      "uuid" : "53692429-b08c-4ef5-a9b7-04186e79e6ee",
      "name" : "KotlinStringTemplates",
      "text" : "",
      "children" : [ {
        "uuid" : "63b9c628-9f6d-48b0-b149-0cb5c599fd0f",
        "name" : "KotlinStringTemplateExpression",
        "text" : "${~expression~} ",
        "parameters" : [ {
          "uuid" : "b3c6a1d4-df63-49b2-bbeb-0824722c4df5",
          "name" : "expression",
          "type" : "SINGLE",
          "argumentType" : "Object"
        } ],
        "implements" : [ "KotlinStringTemplate" ]
      }, {
        "uuid" : "352192c0-0e47-405c-a709-43b3dc601bad",
        "name" : "KotlinStringTemplateSingleValue",
        "text" : "$~name~ ",
        "parameters" : [ {
          "uuid" : "5aa23ec3-bc8e-4161-97cc-062672577070",
          "name" : "name",
          "type" : "SINGLE",
          "argumentType" : "String"
        } ],
        "implements" : [ "KotlinStringTemplate" ]
      } ]
    } ]
  }, {
    "uuid" : "bc518bc5-a798-429b-8c48-9c18002c25ae",
    "name" : "KotlinTypes",
    "text" : "",
    "children" : [ {
      "uuid" : "553b86d9-1577-4995-ae98-e4a51f4d1eb4",
      "name" : "ArrayType",
      "text" : "Array<~type~> ",
      "parameters" : [ {
        "uuid" : "fd76116d-4ac8-4a66-ba67-d1705b1bb9dc",
        "name" : "type",
        "type" : "SINGLE",
        "argumentType" : "TypeDeclaration"
      } ],
      "implements" : [ "TypeDeclaration" ]
    }, {
      "uuid" : "86be013f-ae6b-4f50-a9c5-adbded94f3bd",
      "name" : "ListType",
      "text" : "List<~type~> ",
      "parameters" : [ {
        "uuid" : "2c5327ee-9322-4bfd-972b-c666e59821cc",
        "name" : "type",
        "type" : "SINGLE",
        "argumentType" : "TypeDeclaration"
      } ],
      "implements" : [ "TypeDeclaration" ]
    }, {
      "uuid" : "5c54dce2-f04b-492c-84ac-1b36f831f596",
      "name" : "MapType",
      "text" : "Map<~first~, ~second~> ",
      "parameters" : [ {
        "uuid" : "491ff09e-6829-4ebf-b5a1-36248497a066",
        "name" : "first",
        "type" : "SINGLE",
        "argumentType" : "TypeDeclaration"
      }, {
        "uuid" : "4cd3732c-a653-48f3-b5ce-e3d8fd095a22",
        "name" : "second",
        "type" : "SINGLE",
        "argumentType" : "TypeDeclaration"
      } ],
      "implements" : [ "TypeDeclaration" ]
    }, {
      "uuid" : "6391cc09-4be7-4ee3-b3f8-29aebd9a022c",
      "name" : "NamedType",
      "text" : "~name~ ",
      "implements" : [ "TypeDeclaration" ],
      "parameters" : [ {
        "uuid" : "851662eb-d716-4ca8-bd8a-14c76a550674",
        "name" : "name",
        "type" : "SINGLE",
        "argumentType" : "String"
      } ]
    }, {
      "uuid" : "c443c852-bbd7-443a-bf1d-6e765f9c83da",
      "name" : "NullableType",
      "text" : "~type~? ",
      "parameters" : [ {
        "uuid" : "d73fa694-83f2-4d0a-8b08-1e26a39213dd",
        "name" : "type",
        "type" : "SINGLE",
        "argumentType" : "TypeDeclaration"
      } ],
      "implements" : [ "TypeDeclaration" ]
    }, {
      "uuid" : "795fabf5-6d04-4ef5-aff3-17af2589d888",
      "name" : "StringType",
      "text" : "String ",
      "implements" : [ "TypeDeclaration" ],
      "parameters" : [ ]
    }, {
      "uuid" : "8ba0764d-c530-43ea-8c94-97fc075a2fa4",
      "name" : "IntType",
      "text" : "Int ",
      "implements" : [ "TypeDeclaration" ],
      "parameters" : [ ]
    }, {
      "uuid" : "b64305f4-45fc-4c6c-868b-cf521ff37978",
      "name" : "LongType",
      "text" : "Long ",
      "implements" : [ "TypeDeclaration" ],
      "parameters" : [ ]
    }, {
      "uuid" : "0a0c4941-8e20-4118-aef4-d3aea7e07692",
      "name" : "BooleanType",
      "text" : "Boolean ",
      "implements" : [ "TypeDeclaration" ],
      "parameters" : [ ]
    }, {
      "uuid" : "37d1066c-6d9a-4fa1-8240-34eaaf9e9003",
      "name" : "FloatType",
      "text" : "Float ",
      "implements" : [ "TypeDeclaration" ],
      "parameters" : [ ]
    }, {
      "uuid" : "d050a319-471a-4bef-99fb-0d3d55f35719",
      "name" : "DoubleType",
      "text" : "Double ",
      "implements" : [ "TypeDeclaration" ],
      "parameters" : [ ]
    }, {
      "uuid" : "f8f05612-b8ad-4ea3-9cba-c3490b4e48e1",
      "name" : "UnitType",
      "text" : "Unit ",
      "implements" : [ "TypeDeclaration" ],
      "parameters" : [ ]
    }, {
      "uuid" : "f341958f-aad8-4e4a-b001-d49376ee73f3",
      "name" : "PairType",
      "text" : "Pair<~first~, ~second~> ",
      "implements" : [ "TypeDeclaration" ],
      "parameters" : [ {
        "uuid" : "923b2622-2c4f-44bc-a8ed-ba5d2bb0948f",
        "name" : "first",
        "type" : "SINGLE",
        "argumentType" : "TypeDeclaration"
      }, {
        "uuid" : "ead76034-bae0-42b0-ae82-d33847208609",
        "name" : "second",
        "type" : "SINGLE",
        "argumentType" : "TypeDeclaration"
      } ]
    }, {
      "uuid" : "971c5c8f-47a7-49c2-8f5e-a8839b374e7d",
      "name" : "MutableMapType",
      "text" : "MutableMap<~first~, ~second~> ",
      "implements" : [ "TypeDeclaration" ],
      "parameters" : [ {
        "uuid" : "a041f3ef-90a6-45bf-920c-59b9c801f1e7",
        "name" : "first",
        "type" : "SINGLE",
        "argumentType" : "TypeDeclaration"
      }, {
        "uuid" : "242bca73-2f36-4f1d-b9c6-df4308cb6e39",
        "name" : "second",
        "type" : "SINGLE",
        "argumentType" : "TypeDeclaration"
      } ]
    }, {
      "uuid" : "106656e3-2152-4e4e-aa7b-0f707589d8f4",
      "name" : "MutableListType",
      "text" : "MutableList<~type~> ",
      "implements" : [ "TypeDeclaration" ],
      "parameters" : [ {
        "uuid" : "95bd79df-75fa-4bf1-851b-1df4b7d7c0f0",
        "name" : "type",
        "type" : "SINGLE",
        "argumentType" : "TypeDeclaration"
      } ]
    }, {
      "uuid" : "7bff0ac1-c277-463b-b382-8be6f056a7e2",
      "name" : "SetType",
      "text" : "Set<~type~> ",
      "implements" : [ "TypeDeclaration" ],
      "parameters" : [ {
        "uuid" : "20b83816-47d1-45da-abb4-91d7a5f4273c",
        "name" : "type",
        "type" : "SINGLE",
        "argumentType" : "TypeDeclaration"
      } ]
    }, {
      "uuid" : "7caf6dbf-8fbb-45e0-be1d-08c6cd7a8da8",
      "name" : "MutableSetType",
      "text" : "MutableSet<~type~> ",
      "implements" : [ "TypeDeclaration" ],
      "parameters" : [ {
        "uuid" : "3377a68d-ff14-4f38-b934-dae84dcedfc4",
        "name" : "type",
        "type" : "SINGLE",
        "argumentType" : "TypeDeclaration"
      } ]
    }, {
      "uuid" : "d4a0349b-4579-4434-b93d-63410e444468",
      "name" : "AnyType",
      "text" : "Any ",
      "implements" : [ "TypeDeclaration" ],
      "parameters" : [ ]
    }, {
      "uuid" : "9e058594-4cbe-4e0f-8d19-69e793edbcfd",
      "name" : "TemplateType",
      "text" : "~name~<~templates:{it|~it~};separator=\", \"~> ",
      "parameters" : [ {
        "uuid" : "9c567f42-2c21-4f68-8d46-c5989f206332",
        "name" : "name",
        "type" : "SINGLE",
        "argumentType" : "String"
      }, {
        "uuid" : "95d59eca-a063-4876-abab-7bbc7e6e170a",
        "name" : "templates",
        "type" : "LIST",
        "argumentType" : "TypeDeclaration"
      } ],
      "implements" : [ "TypeDeclaration" ]
    }, {
      "uuid" : "10dca01e-06e0-4f3e-8eda-0e767a627f3e",
      "name" : "StarType",
      "text" : "* ",
      "implements" : [ "TypeDeclaration" ],
      "parameters" : [ ]
    } ]
  }, {
    "uuid" : "1a8fb7ac-a032-4ff8-a218-5176c959e20e",
    "name" : "Initializers",
    "text" : "",
    "children" : [ {
      "uuid" : "75978bba-449f-45a1-a0cd-009e0a434c34",
      "name" : "ArrayInitializer",
      "text" : "arrayOf(~expressions:{it|~it~};separator=\", \"~) ",
      "implements" : [ "Expression" ],
      "parameters" : [ {
        "uuid" : "b2ded0c4-759f-4a6e-9a9b-e589dcc2f440",
        "name" : "expressions",
        "type" : "LIST",
        "argumentType" : "Expression"
      } ]
    }, {
      "uuid" : "d3f7a962-d0df-4122-9818-c7752b111847",
      "name" : "EmptyArrayInitializer",
      "text" : "emptyArray() ",
      "implements" : [ "Expression" ],
      "parameters" : [ ]
    }, {
      "uuid" : "18054d30-44cc-4223-9c10-e63170782549",
      "name" : "ListInitializer",
      "text" : "listOf(~expressions:{it|~it~};separator=\", \"~) ",
      "implements" : [ "Expression" ],
      "parameters" : [ {
        "uuid" : "279f5462-4beb-496e-ac98-4fd90c37c664",
        "name" : "expressions",
        "type" : "LIST",
        "argumentType" : "Expression"
      } ]
    }, {
      "uuid" : "ed93dc77-2b48-4e4b-98e2-368d6f4635b5",
      "name" : "MapInitializer",
      "text" : "mapOf(~kvpairs:{it|~it.key~ to ~it.value~};separator=\", \"~) ",
      "implements" : [ "Expression" ],
      "parameters" : [ {
        "uuid" : "bc847dc2-eb69-4ad8-8352-45eaf17aba35",
        "name" : "kvpairs",
        "type" : "KVLIST",
        "argumentType" : "Object",
        "keys" : [ {
          "uuid" : "859bd026-2ec9-4547-97d9-0a833938d000",
          "name" : "key",
          "argumentType" : "Expression"
        }, {
          "uuid" : "98720bd3-4b43-4097-9fd8-d95556ab626f",
          "name" : "value",
          "argumentType" : "Expression"
        } ]
      } ]
    }, {
      "uuid" : "2f25c294-27f4-428c-ac6c-1d753c5d9d54",
      "name" : "EmptyMapInitializer",
      "text" : "emptyMap() ",
      "parameters" : [ ],
      "implements" : [ "Expression" ]
    }, {
      "uuid" : "bff05ada-fbe8-45d9-92bd-6a750b9acb2e",
      "name" : "MutableMapInitializer",
      "text" : "mutableMapOf(~kvpairs:{it|~it.key~ to ~it.value~};separator=\", \"~) ",
      "parameters" : [ {
        "uuid" : "f89a9ccd-cb37-4ad0-aa59-91b80263c444",
        "name" : "kvpairs",
        "type" : "KVLIST",
        "argumentType" : "Object",
        "keys" : [ {
          "uuid" : "08a5ea8f-fc8f-42bf-a17d-d5eb6f9b60c7",
          "name" : "key",
          "argumentType" : "Expression"
        }, {
          "uuid" : "3d5fedbf-48b1-43b1-816b-cd413f59c323",
          "name" : "value",
          "argumentType" : "Expression"
        } ]
      } ],
      "implements" : [ "Expression" ]
    }, {
      "uuid" : "827ca235-d1b4-4a99-a392-6448358bba78",
      "name" : "SetInitializer",
      "text" : "setOf(~expressions:{it|~it~};separator=\", \"~) ",
      "implements" : [ "Expression" ],
      "parameters" : [ {
        "uuid" : "3a954cdb-08d6-43b3-ac98-02b4951011f4",
        "name" : "expressions",
        "type" : "LIST",
        "argumentType" : "Expression"
      } ]
    }, {
      "uuid" : "281a81d6-a2a3-4abe-b79b-2a4385bf0720",
      "name" : "MutableSetInitializer",
      "text" : "mutableSetOf(~expressions:{it|~it~};separator=\", \"~) ",
      "implements" : [ "Expression" ],
      "parameters" : [ {
        "uuid" : "546b01b7-ed7a-4e9c-a6a2-36a53eaca87d",
        "name" : "expressions",
        "type" : "LIST",
        "argumentType" : "Expression"
      } ]
    }, {
      "uuid" : "db470a9d-3257-4a83-a414-6cd0a114f784",
      "name" : "MutableListInitializer",
      "text" : "mutableListOf(~expressions:{it|~it~};separator=\", \"~) ",
      "parameters" : [ {
        "uuid" : "803ad0b6-2f8d-4735-8eb4-312bc07d749c",
        "name" : "expressions",
        "type" : "LIST",
        "argumentType" : "Expression"
      } ],
      "implements" : [ "Expression" ]
    } ]
  }, {
    "uuid" : "919f6da8-d442-437f-a9f9-4f51aaec3c31",
    "name" : "Expressions",
    "text" : "",
    "children" : [ {
      "uuid" : "6de480a4-51dc-4d45-8d30-de0000c3718a",
      "name" : "NullExpression",
      "text" : "null ",
      "parameters" : [ ],
      "implements" : [ "Expression" ]
    }, {
      "uuid" : "783459c2-2651-498a-bbd1-9ea177d12b0a",
      "name" : "CastExpression",
      "text" : "~expression~ as ~type~ ",
      "implements" : [ "Expression" ],
      "parameters" : [ {
        "uuid" : "7b92451f-c9db-45b0-a42e-f6159616e729",
        "name" : "expression",
        "type" : "SINGLE",
        "argumentType" : "Expression"
      }, {
        "uuid" : "98106f00-9c2a-4b21-99fb-cb2fbc53f79f",
        "name" : "type",
        "type" : "SINGLE",
        "argumentType" : "TypeDeclaration"
      } ]
    }, {
      "uuid" : "6a5f8996-048a-40fc-b932-58f93323daae",
      "name" : "FunctionCallExpression",
      "text" : "~if(scope)~~scope~.~endif~~functionName~(~arguments:{it|~it~};separator=\", \"~) ",
      "implements" : [ "Expression" ],
      "parameters" : [ {
        "uuid" : "10620888-4d9a-4a3c-abbf-8c13a4bc623f",
        "name" : "scope",
        "type" : "SINGLE",
        "argumentType" : "String"
      }, {
        "uuid" : "7e787e1f-c5b0-4964-a0ca-b374d896d0cc",
        "name" : "functionName",
        "type" : "SINGLE",
        "argumentType" : "String"
      }, {
        "uuid" : "4d626086-d069-4bf3-a31b-56baf94715e0",
        "name" : "arguments",
        "type" : "LIST",
        "argumentType" : "Expression"
      } ]
    }, {
      "uuid" : "fdea740e-773d-4c4b-8b40-73a53e9a1222",
      "name" : "ThisExpression",
      "text" : "this.~expression~ ",
      "parameters" : [ {
        "uuid" : "d5a7ed43-84aa-493f-ab6b-2468e7b3fed9",
        "name" : "expression",
        "type" : "SINGLE",
        "argumentType" : "Expression"
      } ],
      "implements" : [ "Expression" ]
    }, {
      "uuid" : "c62a1ba2-2435-4bf2-bcce-2388512910af",
      "name" : "ConstructorCallExpression",
      "text" : "~className~(~params:{it|~it~};separator=\", \"~) ",
      "implements" : [ "Expression" ],
      "parameters" : [ {
        "uuid" : "360193ff-00ca-4e6e-b4f6-99369b465f33",
        "name" : "className",
        "type" : "SINGLE",
        "argumentType" : "String"
      }, {
        "uuid" : "7a6e6f04-972b-44d6-91fa-07b43ec3e6a9",
        "name" : "params",
        "type" : "LIST",
        "argumentType" : "Expression"
      } ]
    }, {
      "uuid" : "7042d0d4-16f8-412a-80c3-fac403ee289e",
      "name" : "ArrayEqualsExpression",
      "text" : "~leftArray~.contentEquals(~rightArray~) ",
      "implements" : [ "Expression" ],
      "parameters" : [ {
        "uuid" : "9a042384-9b30-41f9-8c8a-0232cf860f1a",
        "name" : "leftArray",
        "type" : "SINGLE",
        "argumentType" : "Expression"
      }, {
        "uuid" : "48aa6535-48b3-47c3-a0e5-101df9702d99",
        "name" : "rightArray",
        "type" : "SINGLE",
        "argumentType" : "Expression"
      } ]
    }, {
      "uuid" : "d70e2290-4d42-4278-aff2-4996f197dc2f",
      "name" : "ScopeExpression",
      "text" : "~scope~.~expression~ ",
      "parameters" : [ {
        "uuid" : "b7051b08-f960-47df-9cf6-530650d5217b",
        "name" : "scope",
        "type" : "SINGLE",
        "argumentType" : "String"
      }, {
        "uuid" : "682064fd-45d6-4798-baac-8ee2d11ca94a",
        "name" : "expression",
        "type" : "SINGLE",
        "argumentType" : "Expression"
      } ],
      "implements" : [ "Expression" ]
    }, {
      "uuid" : "df95fc27-9ac4-4c90-b1df-fd4b0cc38f57",
      "name" : "PairExpression",
      "text" : "~first~ to ~second~ ",
      "implements" : [ "Expression" ],
      "parameters" : [ {
        "uuid" : "c50e3acb-1287-4645-ab95-399660baf143",
        "name" : "first",
        "type" : "SINGLE",
        "argumentType" : "Expression"
      }, {
        "uuid" : "d59b4725-f51c-4c4f-b7c1-cbd69107bcab",
        "name" : "second",
        "type" : "SINGLE",
        "argumentType" : "Expression"
      } ]
    }, {
      "uuid" : "907040c1-20f5-4e6d-8d62-cef774b66d6b",
      "name" : "LiteralExpression",
      "text" : "~literal~ ",
      "implements" : [ "Expression" ],
      "parameters" : [ {
        "uuid" : "12c7f0b2-4367-40ef-a7f0-2cd26d0f310f",
        "name" : "literal",
        "type" : "SINGLE",
        "argumentType" : "Object"
      } ]
    }, {
      "uuid" : "1a25e66d-5abb-4724-b8e9-01f44172ee17",
      "name" : "StringValueExpression",
      "text" : "\"~literal~\" ",
      "implements" : [ "Expression", "StringExpression" ],
      "parameters" : [ {
        "uuid" : "ebd36e16-e688-4304-af02-568fe0289461",
        "name" : "literal",
        "type" : "SINGLE",
        "argumentType" : "Object"
      } ]
    }, {
      "uuid" : "e2a37f79-dc3e-4d3a-b31a-089b7f5442ba",
      "name" : "AssignExpression",
      "text" : "~varName~ ~operator~ ~expression~ ",
      "implements" : [ "Expression" ],
      "parameters" : [ {
        "uuid" : "c9f4cb4f-be1c-41ae-813b-738fb71f21fb",
        "name" : "varName",
        "type" : "SINGLE",
        "argumentType" : "Expression"
      }, {
        "uuid" : "86f9b514-6c35-46dc-b9c9-dfd29a644dbe",
        "name" : "operator",
        "type" : "SINGLE",
        "argumentType" : "AssignmentOperator"
      }, {
        "uuid" : "8064f1e7-302e-4b31-b3bc-497634f0e2b6",
        "name" : "expression",
        "type" : "SINGLE",
        "argumentType" : "Expression"
      } ]
    }, {
      "uuid" : "dc725e0a-4996-4df9-b018-dadc6600d929",
      "name" : "ObjectExpression",
      "text" : "object~if(extends)~ : ~extends:{it|~it~};separator=\", \"~~endif~ {\n\t~fields:{it|~it~};separator=\"\\n\"~\n\n\t~members:{it|~it~};separator=\"\\n\"~\n} ",
      "implements" : [ "Expression" ],
      "parameters" : [ {
        "uuid" : "ee5e341e-4ca6-4aa6-957f-80fb3aa8dcdf",
        "name" : "extends",
        "type" : "LIST",
        "argumentType" : "Extending"
      }, {
        "uuid" : "c5ed994a-2627-4246-91c0-ae45d3c000db",
        "name" : "fields",
        "type" : "LIST",
        "argumentType" : "PropertyDeclaration"
      }, {
        "uuid" : "2b916ce8-1cbf-489a-9117-0c5bb2340c0d",
        "name" : "members",
        "type" : "LIST",
        "argumentType" : "FunctionDeclaration"
      } ]
    }, {
      "uuid" : "9268e6c5-1b60-4e91-bec0-9e146151d7e4",
      "name" : "ReferenceExpression",
      "text" : "~if(scope)~~scope~.~endif~~name~::~property~ ",
      "implements" : [ "Expression" ],
      "parameters" : [ {
        "uuid" : "be29ba10-5beb-4d69-afd2-424ab5c700f2",
        "name" : "scope",
        "type" : "SINGLE",
        "argumentType" : "String"
      }, {
        "uuid" : "ca5375d0-9660-42e8-82d5-3e5a7214ca8a",
        "name" : "name",
        "type" : "SINGLE",
        "argumentType" : "String"
      }, {
        "uuid" : "69091c37-7938-402e-a6d9-ce4df96eba5f",
        "name" : "property",
        "type" : "SINGLE",
        "argumentType" : "Expression"
      } ]
    }, {
      "uuid" : "a018ce94-6b98-462e-9acf-6172decd945c",
      "name" : "PropertyAccessorExpression",
      "text" : "~object~.~property~ ",
      "implements" : [ "Expression" ],
      "parameters" : [ {
        "uuid" : "ed0a65b9-6053-4278-bd55-9e46ef8e7aa9",
        "name" : "object",
        "type" : "SINGLE",
        "argumentType" : "Expression"
      }, {
        "uuid" : "4ffb7815-5573-4bb6-89cb-e8d321e6bfbb",
        "name" : "property",
        "type" : "SINGLE",
        "argumentType" : "Expression"
      } ]
    }, {
      "uuid" : "d74751ca-323d-4874-bb74-140c1b838913",
      "name" : "RawStringExpression",
      "text" : "\"\"\"~rawString~\"\"\" ",
      "implements" : [ "Expression", "StringExpression" ],
      "parameters" : [ {
        "uuid" : "a1ca80e9-8c9c-449b-826c-c08411cc8232",
        "name" : "rawString",
        "type" : "SINGLE",
        "argumentType" : "Object"
      } ]
    }, {
      "uuid" : "3159502c-45d0-4e58-9694-8ed3eed8149b",
      "name" : "AssertNotNullExpression",
      "text" : "!!~expression~ ",
      "implements" : [ "Expression" ],
      "parameters" : [ {
        "uuid" : "ae40ee7c-f087-4491-b726-884dd0b2dff0",
        "name" : "expression",
        "type" : "SINGLE",
        "argumentType" : "Expression"
      } ]
    }, {
      "uuid" : "506958d5-a17b-49ac-b595-483e4c7df3b0",
      "name" : "GroupedExpression",
      "text" : "(~expression~) ",
      "implements" : [ "Expression" ],
      "parameters" : [ {
        "uuid" : "cececb2a-1557-4048-a170-15eb653ee0bc",
        "name" : "expression",
        "type" : "SINGLE",
        "argumentType" : "Expression"
      } ]
    }, {
      "uuid" : "d0b80e7d-92aa-480e-a25c-7cd9a5bf3553",
      "name" : "LogicalExpression",
      "text" : "~lhs~ ~operator~ ~rhs~ ",
      "implements" : [ "Expression" ],
      "parameters" : [ {
        "uuid" : "4506c3f1-6126-47b0-9386-fccd0db62736",
        "name" : "lhs",
        "type" : "SINGLE",
        "argumentType" : "Expression"
      }, {
        "uuid" : "4fc1ae3d-3fe4-4e0b-b215-c099cdb7c032",
        "name" : "operator",
        "type" : "SINGLE",
        "argumentType" : "LogicalOperator"
      }, {
        "uuid" : "64edeca1-4bcb-495f-9faa-bc2e0caef448",
        "name" : "rhs",
        "type" : "SINGLE",
        "argumentType" : "Expression"
      } ]
    }, {
      "uuid" : "60539531-37f6-446d-b470-2514b3785c64",
      "name" : "IfExpression",
      "text" : "if(~logicalExpression~) ~whenTrue~ else ~whenFalse~ ",
      "implements" : [ "Expression" ],
      "parameters" : [ {
        "uuid" : "d30ca385-8d13-498a-a3db-bdf9a7fa36d6",
        "name" : "logicalExpression",
        "type" : "SINGLE",
        "argumentType" : "LogicalExpression"
      }, {
        "uuid" : "8ef23b31-0eaa-43d6-9ada-52ff139a78b7",
        "name" : "whenTrue",
        "type" : "SINGLE",
        "argumentType" : "Expression"
      }, {
        "uuid" : "e47cdd33-2738-4859-8907-e1795bb1e082",
        "name" : "whenFalse",
        "type" : "SINGLE",
        "argumentType" : "Expression"
      } ]
    }, {
      "uuid" : "55eb491d-3f07-4086-be58-dc61f54d69c8",
      "name" : "ComparisonExpression",
      "text" : "~lhs~ ~operator~ ~rhs~ ",
      "parameters" : [ {
        "uuid" : "595f5e71-c42d-427e-85a3-7bad9ec86187",
        "name" : "lhs",
        "type" : "SINGLE",
        "argumentType" : "Expression"
      }, {
        "uuid" : "62459c0f-49e0-4925-b65b-f163e6719a03",
        "name" : "operator",
        "type" : "SINGLE",
        "argumentType" : "ComparisonOperator"
      }, {
        "uuid" : "77de6c3f-366d-425e-aa5a-201e5591c7ff",
        "name" : "rhs",
        "type" : "SINGLE",
        "argumentType" : "Expression"
      } ],
      "implements" : [ "Expression" ]
    }, {
      "uuid" : "d63c96e3-3044-45c4-87e2-e9d8ade53682",
      "name" : "EscapedLiteralExpression",
      "text" : "`~literal~` ",
      "parameters" : [ {
        "uuid" : "1888b450-7bfe-46c0-a4b8-b9f3db8fdccc",
        "name" : "literal",
        "type" : "SINGLE",
        "argumentType" : "Object"
      } ],
      "implements" : [ "Expression" ]
    } ]
  }, {
    "uuid" : "7f297955-618e-40d3-a441-920c4f5ec56e",
    "name" : "KotlinFile",
    "text" : "~packageDeclaration~\n\n~imports:{it|~it~};separator=\"\\n\"~\n\n~compilationUnit:{it|~it~};separator=\"\\n\\n\"~ ",
    "parameters" : [ {
      "uuid" : "978a130d-ae2d-45ee-8de3-9f6f19326caa",
      "name" : "packageDeclaration",
      "type" : "SINGLE",
      "argumentType" : "PackageDeclaration"
    }, {
      "uuid" : "05e6a8dc-18fc-456f-bb34-281e812017d2",
      "name" : "imports",
      "type" : "LIST",
      "argumentType" : "ImportStatement"
    }, {
      "uuid" : "3d993731-d7af-45b7-9aac-c17933b7e815",
      "name" : "compilationUnit",
      "type" : "LIST",
      "argumentType" : "CompilationUnit"
    } ]
  } ],
  "interfaces" : [ {
    "uuid" : "a95f8243-6a25-4571-9d7d-5a91ee9289e6",
    "name" : "TypeDeclaration"
  }, {
    "uuid" : "0c32e514-c69f-4839-bd43-6c90855d996a",
    "name" : "Expression"
  }, {
    "uuid" : "69fefabc-90da-4960-abe2-985e1161d0d3",
    "name" : "CompilationUnit"
  }, {
    "uuid" : "42d8dab5-3ffe-44d1-be40-65a989aa4fe6",
    "name" : "Statement"
  }, {
    "uuid" : "5df95551-1678-44f1-8abb-783f24de627f",
    "name" : "StringExpression"
  }, {
    "uuid" : "ddd6fa1c-8eaf-478e-8496-23037bdbf11a",
    "name" : "ClassDefinition"
  }, {
    "uuid" : "71783458-e863-4ac3-84a4-baa515132047",
    "name" : "Extending"
  }, {
    "uuid" : "3054347c-8dc6-4b28-8312-c1b26e238bdf",
    "name" : "ParameterDefinition"
  }, {
    "uuid" : "572adfcc-0062-4005-8ce0-123bba76d679",
    "name" : "KotlinStringTemplate"
  }, {
    "uuid" : "f1e8200d-7b17-432d-8f2a-e928acd964b9",
    "name" : "Comment"
  } ],
  "icon" : "language-kotlin",
  "enums" : [ {
    "uuid" : "203eba8c-0796-4a99-b258-e0b57d9c8c1b",
    "name" : "AssignmentOperator",
    "values" : [ {
      "uuid" : "2c575142-cf1c-4227-bae9-d5506c2413fa",
      "name" : "assign",
      "lexical" : "="
    }, {
      "uuid" : "c8ffa89d-73cb-4fe0-8145-3faff6044f74",
      "name" : "plusAssign",
      "lexical" : "+="
    }, {
      "uuid" : "8324e100-f8f9-4fb3-9b34-df412f244d2d",
      "name" : "minusAssign",
      "lexical" : "-="
    }, {
      "uuid" : "971f918f-b8eb-46f9-ac80-0ed4a98f914a",
      "name" : "timesAssign",
      "lexical" : "*="
    }, {
      "uuid" : "77170349-0935-4e58-9972-be10eaf56035",
      "name" : "divAssign",
      "lexical" : "/="
    }, {
      "uuid" : "17f1ae51-32f3-4088-985f-ac68b04cd9b6",
      "name" : "remAssign",
      "lexical" : "%="
    } ]
  }, {
    "uuid" : "1f12ec51-1fbe-4c90-b223-c90d04db17c8",
    "name" : "UnaryPrefixOperator",
    "values" : [ {
      "uuid" : "0c2013e5-895c-44b9-a959-a00fd73c69e6",
      "name" : "unaryPlus",
      "lexical" : "+"
    }, {
      "uuid" : "5964b20a-68f6-4551-b421-ea463de26192",
      "name" : "unaryMinus",
      "lexical" : "-"
    }, {
      "uuid" : "0fcad173-c849-4066-a290-eddb9eeb65cf",
      "name" : "not",
      "lexical" : "!"
    } ]
  }, {
    "uuid" : "00ea247d-d616-4f21-baa2-3ed03735cb8c",
    "name" : "IncDecOperator",
    "values" : [ {
      "uuid" : "1b1612cf-656a-46c3-a09c-6156eede348d",
      "name" : "inc",
      "lexical" : "++"
    }, {
      "uuid" : "aa5f25d4-e11d-44fd-ab8b-e9f05d8a58cc",
      "name" : "dec",
      "lexical" : "--"
    } ]
  }, {
    "uuid" : "0a834f85-4c1d-4f04-b59d-7b0176e0e758",
    "name" : "ArithmeticOperator",
    "values" : [ {
      "uuid" : "2e2a462b-4945-4c25-acfe-5dd952afd3a9",
      "name" : "plus",
      "lexical" : "+"
    }, {
      "uuid" : "81e72921-38d2-45a1-b621-5f8678895dee",
      "name" : "minus",
      "lexical" : "-"
    }, {
      "uuid" : "dfef5273-8c6d-4f68-8936-e38558fd2324",
      "name" : "times",
      "lexical" : "*"
    }, {
      "uuid" : "5c40ce47-77cc-4803-a7a9-d5c2a1e03be4",
      "name" : "div",
      "lexical" : "/"
    }, {
      "uuid" : "1b619680-303d-4a91-9d12-0c6c1e98955b",
      "name" : "rem",
      "lexical" : "%"
    }, {
      "uuid" : "fd091377-9a0d-48cb-a450-4f82ae77adb2",
      "name" : "rangeTo",
      "lexical" : ".."
    } ]
  }, {
    "uuid" : "8da3aa41-749a-41d3-ada8-4e00906e6687",
    "name" : "ComparisonOperator",
    "values" : [ {
      "uuid" : "bedf5737-8a9b-4b4a-850c-4390ee88c431",
      "name" : "equals",
      "lexical" : "=="
    }, {
      "uuid" : "c091399d-2a33-453c-a6b7-99bd2f0414cd",
      "name" : "notEquals",
      "lexical" : "!="
    }, {
      "uuid" : "5af83c66-2c35-4422-b811-185819681914",
      "name" : "gt",
      "lexical" : ">"
    }, {
      "uuid" : "f3bc8594-2d41-4cf9-80b0-966b4848f599",
      "name" : "lt",
      "lexical" : "<"
    }, {
      "uuid" : "b066af9e-8c2e-4512-b871-71059eda0ca3",
      "name" : "gte",
      "lexical" : ">="
    }, {
      "uuid" : "54f2ba57-01ed-40da-a531-dc39fb3ebcc3",
      "name" : "lte",
      "lexical" : "<="
    }, {
      "uuid" : "20a53d4e-57b5-488b-88ce-b29f11bb9f1e",
      "name" : "identity",
      "lexical" : "==="
    }, {
      "uuid" : "dd347e5b-8dd3-4f32-9854-f204ac14b33c",
      "name" : "notIdentity",
      "lexical" : "!=="
    } ]
  }, {
    "uuid" : "8be3d9ef-36b6-4bfd-9e2b-95facece1027",
    "name" : "LogicalOperator",
    "values" : [ {
      "uuid" : "99a7c21c-ec1f-4d83-982e-3380cb2e99b2",
      "name" : "and",
      "lexical" : "&&"
    }, {
      "uuid" : "65abe8a5-f55a-42e6-8479-a87b5e68384c",
      "name" : "or",
      "lexical" : "||"
    }, {
      "uuid" : "2734fe77-bce5-4f26-969a-34791719598a",
      "name" : "not",
      "lexical" : "!"
    } ]
  }, {
    "uuid" : "47c7905b-b52a-4c24-9580-500a6befce93",
    "name" : "BitwiseOperator",
    "values" : [ {
      "uuid" : "58728823-167e-4dd0-8ca8-a96f05ea1543",
      "name" : "signedShiftLeft",
      "lexical" : "shl"
    }, {
      "uuid" : "75cdf14a-bd9c-4572-a8ea-80d5606ec06a",
      "name" : "signedShiftRight",
      "lexical" : "shr"
    }, {
      "uuid" : "7ab79285-b3dd-4071-9b42-7ae0df982a0b",
      "name" : "unsignedShiftRight",
      "lexical" : "ushr"
    }, {
      "uuid" : "6f0b920d-19d3-4153-8e59-3e56af38bfc4",
      "name" : "bitwiseAnd",
      "lexical" : "and"
    }, {
      "uuid" : "8861c050-b0a0-49eb-9c4f-593cc32d168c",
      "name" : "bitwiseOr",
      "lexical" : "or"
    }, {
      "uuid" : "cbdaa683-2355-4d92-a9ae-ed31ecfa552f",
      "name" : "bitwiseXor",
      "lexical" : "xor"
    }, {
      "uuid" : "f3589617-8565-4441-88f6-112cc17e052e",
      "name" : "bitwiseInversion",
      "lexical" : "inv"
    } ]
  } ]
}