{
  "uuid" : "0f9bb38f-13cd-4e56-a082-6b71e04af0c6",
  "name" : "Log4J",
  "delimiter" : "~",
  "templates" : [ {
    "uuid" : "576ddb5f-a34a-4027-ab30-b029ff5a6c50",
    "name" : "properties",
    "text" : "# Root logger option\nlog4j.rootLogger=~logLevel~, ~rootAppender~\n\n~categories:{it|~it~};separator=\"\\n\"~\n\n~appenders:{it|~it~};separator=\"\\n\\n\"~ ",
    "parameters" : [ {
      "uuid" : "08164d7a-8ee7-4711-bfc5-83456d305cc1",
      "name" : "logLevel",
      "type" : "SINGLE",
      "argumentType" : "LogLevel"
    }, {
      "uuid" : "f27b13f9-b914-4361-b73e-627db1d2049f",
      "name" : "rootAppender",
      "type" : "SINGLE",
      "argumentType" : "String"
    }, {
      "uuid" : "dc99743d-0e1b-4e1b-89e2-ce392f39a26d",
      "name" : "categories",
      "type" : "LIST",
      "argumentType" : "category"
    }, {
      "uuid" : "81b8bd5b-3736-421a-aa73-3ddd2d721546",
      "name" : "appenders",
      "type" : "LIST",
      "argumentType" : "Appender"
    } ],
    "children" : [ {
      "uuid" : "846ee16c-7f12-49cf-8ba3-794011689f8a",
      "name" : "fileinfoAppender",
      "text" : "log4j.appender.~name~ = org.apache.log4j.RollingFileAppender\nlog4j.appender.~name~.file = ~if(file)~~file~~else~./logs/app.log~endif~\nlog4j.appender.~name~.MaxFileSize = ~if(maxFileSize)~~maxFileSize~~else~20MB~endif~\nlog4j.appender.~name~.MaxBackupIndex = ~if(maxBackupIndex)~~maxBackupIndex~~else~100~endif~\nlog4j.appender.~name~.layout = ~if(layout)~~layout~~else~org.apache.log4j.PatternLayout~endif~\nlog4j.appender.~name~.layout.ConversionPattern = %d{ISO8601} - %-5p- %c - %m%n\nlog4j.appender.~name~.Threshold = ~if(threshold)~~threshold~~elseINFO~~endif~ ",
      "parameters" : [ {
        "uuid" : "b8fe637c-5687-471b-82a2-3022f8a2f809",
        "name" : "name",
        "type" : "SINGLE",
        "argumentType" : "Object"
      }, {
        "uuid" : "89e43f17-4664-4c60-9191-08c983e9a535",
        "name" : "file",
        "type" : "SINGLE",
        "argumentType" : "Object"
      }, {
        "uuid" : "512f939d-7ac5-4a9e-8506-29eb46fbbb6f",
        "name" : "maxFileSize",
        "type" : "SINGLE",
        "argumentType" : "Object"
      }, {
        "uuid" : "4921c827-895f-44f4-bd8e-452c6d65c5dd",
        "name" : "maxBackupIndex",
        "type" : "SINGLE",
        "argumentType" : "Object"
      }, {
        "uuid" : "7c3c6a01-4fb9-444b-a5d1-c174b70e0649",
        "name" : "layout",
        "type" : "SINGLE",
        "argumentType" : "Object"
      }, {
        "uuid" : "3b7f5932-fe72-4d21-baf1-5c2c08e5d02b",
        "name" : "threshold",
        "type" : "SINGLE",
        "argumentType" : "Object"
      }, {
        "uuid" : "9bf9a153-5280-491b-beb3-b96ef4fb0cad",
        "name" : "elseINFO",
        "type" : "SINGLE",
        "argumentType" : "Object"
      } ],
      "implements" : [ "Appender" ]
    }, {
      "uuid" : "51b21fd4-eab4-42e1-9e5a-5081552f9ce2",
      "name" : "consoleAppender",
      "text" : "log4j.appender.~name~ = org.apache.log4j.ConsoleAppender\nlog4j.appender.~name~.Target = System.out\nlog4j.appender.~name~.layout = org.apache.log4j.PatternLayout\nlog4j.appender.~name~.layout.ConversionPattern = %d{ISO8601} - %-5p- %c - %m%n\nlog4j.appender.~name~.Threshold = ~if(threshold)~~threshold~~else~DEBUG~endif~ ",
      "parameters" : [ {
        "uuid" : "5db31932-3260-48ff-a731-9122ee3d4217",
        "name" : "name",
        "type" : "SINGLE",
        "argumentType" : "Object"
      }, {
        "uuid" : "4362f1fc-d8cf-421a-af8f-b691c143b446",
        "name" : "threshold",
        "type" : "SINGLE",
        "argumentType" : "Object"
      } ],
      "implements" : [ "Appender" ]
    }, {
      "uuid" : "e26e9fe4-8719-4240-b096-245c989e6e6f",
      "name" : "category",
      "text" : "log4j.category.~className~ = ~logLevel~, ~appender~ ",
      "parameters" : [ {
        "uuid" : "43cb52ae-f327-40d0-9a41-71ee4b2bc3b6",
        "name" : "className",
        "type" : "SINGLE",
        "argumentType" : "Object"
      }, {
        "uuid" : "0569c042-32fd-4aa7-a587-61e6b896efce",
        "name" : "logLevel",
        "type" : "SINGLE",
        "argumentType" : "Object"
      }, {
        "uuid" : "dbe08c8b-a761-405d-9bb8-ea73c2dd2622",
        "name" : "appender",
        "type" : "SINGLE",
        "argumentType" : "Object"
      } ]
    } ]
  } ],
  "enums" : [ {
    "uuid" : "7b8fad75-3be2-4feb-802a-a48c8341ea00",
    "name" : "LogLevel",
    "values" : [ {
      "uuid" : "7d6e8740-b74e-4a1c-ab3b-9e1c430b1930",
      "name" : "ALL",
      "lexical" : null
    }, {
      "uuid" : "6f774f57-33cf-405e-893d-44eca9b5e264",
      "name" : "DEBUG",
      "lexical" : null
    }, {
      "uuid" : "fc969f0b-e359-4c03-aacc-00c50dff709b",
      "name" : "INFO",
      "lexical" : null
    }, {
      "uuid" : "ede850a2-b484-428a-ae0e-4745b1302d81",
      "name" : "WARN",
      "lexical" : null
    }, {
      "uuid" : "fa24d203-50d7-4d18-befd-de304bbc8c2c",
      "name" : "ERROR",
      "lexical" : null
    }, {
      "uuid" : "58065fcf-fcd7-4fcc-adb3-3276e755d9fa",
      "name" : "FATAL",
      "lexical" : null
    }, {
      "uuid" : "073dce1f-c50e-4d15-8b25-57964f8e3ccd",
      "name" : "OFF",
      "lexical" : null
    }, {
      "uuid" : "0c23b23b-23ad-48a4-9639-d58618956ef7",
      "name" : "TRACE",
      "lexical" : null
    } ]
  } ],
  "interfaces" : [ {
    "uuid" : "4d99be2f-3e20-4586-aca1-f511d6d1f145",
    "name" : "Appender"
  } ]
}