{
  "uuid" : "942af5aa-e21e-4cf7-b989-7199bb89b8fd",
  "name" : "Maven",
  "delimiter" : "~",
  "templates" : [ {
    "uuid" : "7a760f05-7071-4259-a27b-8abfbf1d6ce1",
    "name" : "pom",
    "text" : "<?xml version=\"1.0\" encoding=\"UTF-8\"?>\n<project xmlns=\"http://maven.apache.org/POM/4.0.0\" xmlns:xsi=\"http://www.w3.org/2001/XMLSchema-instance\" xsi:schemaLocation=\"http://maven.apache.org/POM/4.0.0 http://maven.apache.org/xsd/maven-4.0.0.xsd\">\n~if(parent)~\n\n\t~parent~\n~endif~\t \n\t<modelVersion>4.0.0</modelVersion>\n\n\t<name>~name~</name>\n\n\t~if(groupId)~<groupId>~groupId~</groupId>~endif~\n\t~if(artifactId)~<artifactId>~artifactId~</artifactId>~endif~\n\t~if(version)~<version>~version~</version>~endif~\n\t~if(packaging)~<packaging>~packaging~</packaging>~endif~\n\n~if(modules)~\n\t<modules>\n\t\t~modules:{it|<module>~it~</module>};separator=\"\\n\"~\n\t</modules>\n~endif~\n~if(properties)~\n\t<properties>\n\t\t~properties:{it|~it~};separator=\"\\n\"~\t\t\n\t</properties>\n~endif~\n~if(build)~\n\n\t~build~\n\n~endif~\n~if(dependencyManagement)~\n\t~dependencyManagement~\n~endif~\n~if(dependencies)~\n\n\t<dependencies>\n\t\t~dependencies:{it|~it~};separator=\"\\n\"~  \n\t</dependencies>\n\n~endif~\n~if(distributionManagement)~\n\n\t<distributionManagement>\n\t\t~distributionManagement:{it|~it~};separator=\"\\n\"~\n\t</distributionManagement>\n~endif~\n~if(repositories)~\n\n\t<repositories>\n\t\t~repositories:{it|~it~};separator=\"\\n\"~\n\t</repositories>\n~endif~\n</project> ",
    "parameters" : [ {
      "uuid" : "667f4d62-fd57-4121-babf-dd556e2cefec",
      "name" : "parent",
      "type" : "SINGLE",
      "argumentType" : "Object"
    }, {
      "uuid" : "b8f56f81-fda0-4ee7-b876-c0c68d283dff",
      "name" : "name",
      "type" : "SINGLE",
      "argumentType" : "String"
    }, {
      "uuid" : "fcb19822-9dca-4062-b280-506873b294fa",
      "name" : "groupId",
      "type" : "SINGLE",
      "argumentType" : "String"
    }, {
      "uuid" : "32ff4f1d-72c4-425b-8a96-0e4dcfca6d99",
      "name" : "artifactId",
      "type" : "SINGLE",
      "argumentType" : "String"
    }, {
      "uuid" : "72403059-fb1a-4fe5-af2c-e7b4490a51ff",
      "name" : "version",
      "type" : "SINGLE",
      "argumentType" : "Object"
    }, {
      "uuid" : "5848193f-467a-4b56-8166-ba36723d5a91",
      "name" : "packaging",
      "type" : "SINGLE",
      "argumentType" : "Object"
    }, {
      "uuid" : "e7a51cdc-410c-41dd-9788-57099919b6e8",
      "name" : "modules",
      "type" : "LIST",
      "argumentType" : "Object"
    }, {
      "uuid" : "e7297218-ca74-46ee-a776-74966876d3a7",
      "name" : "properties",
      "type" : "LIST",
      "argumentType" : "PomProperty"
    }, {
      "uuid" : "e078cac5-a180-419b-b251-01ebd13a75cd",
      "name" : "build",
      "type" : "SINGLE",
      "argumentType" : "build"
    }, {
      "uuid" : "c25f1803-7397-4f2b-90f1-033588580d33",
      "name" : "dependencyManagement",
      "type" : "SINGLE",
      "argumentType" : "DependencyManagement"
    }, {
      "uuid" : "64a47005-e38b-46f2-93d0-536e6fd5eaac",
      "name" : "dependencies",
      "type" : "LIST",
      "argumentType" : "Object"
    }, {
      "uuid" : "6634da04-39ad-4379-9485-efcf9770baa5",
      "name" : "distributionManagement",
      "type" : "LIST",
      "argumentType" : "Object"
    }, {
      "uuid" : "8fb26899-f6a3-4efd-93bb-1e060a46acba",
      "name" : "repositories",
      "type" : "LIST",
      "argumentType" : "Object"
    } ],
    "children" : [ {
      "uuid" : "74ebc0f1-a6ef-409f-b207-4190ef252c72",
      "name" : "build",
      "text" : "<build>\n~if(testResources)~\n\t<testResources>\n\t\t<testResource>\n\t\t\t~testResources:{it|<~it.name~>~it.value~</~it.name~>};separator=\"\\n\"~\n\t\t</testResource>\n\t</testResources>\n~endif~\n\t<plugins>\n\t\t~plugin:{it|~it~};separator=\"\\n\"~\n\t</plugins>\n</build> ",
      "parameters" : [ {
        "uuid" : "c020c315-170c-4a71-8352-140b698d29b8",
        "name" : "testResources",
        "type" : "KVLIST",
        "argumentType" : "Object",
        "keys" : [ {
          "uuid" : "ee445638-17e6-4332-b9cf-dd73c6de987e",
          "name" : "name",
          "argumentType" : "Object"
        }, {
          "uuid" : "e131cf6e-f617-439b-883d-f794585dc2fe",
          "name" : "value",
          "argumentType" : "Object"
        } ]
      }, {
        "uuid" : "e8a0727f-4dbe-4cc0-8cad-39906f6eacb5",
        "name" : "plugin",
        "type" : "LIST",
        "argumentType" : "Object"
      } ]
    }, {
      "uuid" : "9b6aa1aa-6074-4744-823d-ad9edf0f1e0f",
      "name" : "parent",
      "text" : "<parent>\n\t<artifactId>~artifactId~</artifactId>\n\t<groupId>~groupId~</groupId>\n\t<version>~version~</version>\n</parent> ",
      "parameters" : [ {
        "uuid" : "31f79fc6-fbf9-4bec-9a35-1bf26568ba2e",
        "name" : "artifactId",
        "type" : "SINGLE",
        "argumentType" : "Object"
      }, {
        "uuid" : "6f88ee1d-bed7-4905-9971-e21770387fcc",
        "name" : "groupId",
        "type" : "SINGLE",
        "argumentType" : "Object"
      }, {
        "uuid" : "b0948cee-73e2-41c5-bac7-bed081aa87e6",
        "name" : "version",
        "type" : "SINGLE",
        "argumentType" : "Object"
      } ]
    }, {
      "uuid" : "7992114b-2959-4fbb-83f2-2d671c7b2ff0",
      "name" : "Properties",
      "text" : "<~name~>~value~</~name~> ",
      "children" : [ {
        "uuid" : "6afe1a71-6639-4971-8dbf-4f321b782f60",
        "name" : "MavenCompilerSource",
        "text" : "<maven.compiler.source>~value~</maven.compiler.source> ",
        "parameters" : [ {
          "uuid" : "cd7bf539-b764-4287-a213-4244d970f404",
          "name" : "value",
          "type" : "SINGLE",
          "argumentType" : "Object"
        } ],
        "implements" : [ "PomProperty" ]
      }, {
        "uuid" : "226b5a3d-3e90-4834-a344-04e63eb1ea35",
        "name" : "ProjectBuildSourceEncoding",
        "text" : "<project.build.sourceEncoding>~if(value)~~value~~else~UTF-8~endif~</project.build.sourceEncoding> ",
        "parameters" : [ {
          "uuid" : "81a52670-9594-4a93-9c26-ea139a44cda6",
          "name" : "value",
          "type" : "SINGLE",
          "argumentType" : "Object"
        } ],
        "implements" : [ "PomProperty" ]
      }, {
        "uuid" : "2cb6b09a-970e-4fe4-96ea-fa23e54d530b",
        "name" : "MavenCompilerTarget",
        "text" : "<maven.compiler.target>~value~</maven.compiler.target> ",
        "parameters" : [ {
          "uuid" : "b73f061e-526a-400e-8257-5598c097af2d",
          "name" : "value",
          "type" : "SINGLE",
          "argumentType" : "Object"
        } ],
        "implements" : [ "PomProperty" ]
      }, {
        "uuid" : "76543202-5f65-4838-a6dc-b129fc99bf0a",
        "name" : "ProjectReportingOutputEncoding",
        "text" : "<project.reporting.outputEncoding>~if(value)~~value~~else~UTF-8~endif~</project.reporting.outputEncoding> ",
        "parameters" : [ {
          "uuid" : "4b1b9250-3875-4262-9951-585e284d198a",
          "name" : "value",
          "type" : "SINGLE",
          "argumentType" : "Object"
        } ],
        "implements" : [ "PomProperty" ]
      }, {
        "uuid" : "f3f8b1f9-6567-4061-a2ff-6166b425734f",
        "name" : "propertyReference",
        "text" : "${~name~}",
        "parameters" : [ {
          "uuid" : "ce37ea76-feaf-4b44-810f-4756471f073d",
          "name" : "name",
          "type" : "SINGLE"
        } ],
        "implements" : [ "PomProperty" ]
      } ],
      "parameters" : [ {
        "uuid" : "dc55c8cf-140b-46df-8cef-2cce64c532d6",
        "name" : "name",
        "type" : "SINGLE",
        "argumentType" : "Object"
      }, {
        "uuid" : "a940c04c-d25d-4817-bad6-676f68cfee76",
        "name" : "value",
        "type" : "SINGLE",
        "argumentType" : "Object"
      } ],
      "implements" : [ "PomProperty" ]
    }, {
      "uuid" : "68f2245d-08e1-42db-aafa-7245a5eda5b0",
      "name" : "dependency",
      "text" : "<dependency>\n\t<groupId>~groupId~</groupId>\n\t<artifactId>~artifactId~</artifactId>~if(version)~\n\t<version>~version~</version>~endif~~if(scope)~\n\t<scope>~scope~</scope>~endif~~if(systemPath)~\n\t<systemPath>~systemPath~</systemPath>~endif~~if(classifier)~\n\t<classifier>~classifier~</classifier>~endif~~if(type)~\n\t<type>~type~</type>~endif~\n\t\n</dependency> ",
      "parameters" : [ {
        "uuid" : "b12643df-58cb-47d0-8ea0-77506ee70a0a",
        "name" : "groupId",
        "type" : "SINGLE",
        "argumentType" : "Object"
      }, {
        "uuid" : "71053f05-5114-4394-9fc7-b9f578175b58",
        "name" : "artifactId",
        "type" : "SINGLE",
        "argumentType" : "Object"
      }, {
        "uuid" : "c5d1e261-e5d3-46c1-af07-ad0fa149fcdb",
        "name" : "version",
        "type" : "SINGLE",
        "argumentType" : "Object"
      }, {
        "uuid" : "17d38e23-c22b-4f2b-8a75-7da19dfe1a0c",
        "name" : "scope",
        "type" : "SINGLE",
        "argumentType" : "DependencyScope"
      }, {
        "uuid" : "13bbe556-03e5-497d-a80b-314439b73de2",
        "name" : "systemPath",
        "type" : "SINGLE",
        "argumentType" : "Object"
      }, {
        "uuid" : "2b654cca-0719-4a66-af07-0bd1675d7b51",
        "name" : "classifier",
        "type" : "SINGLE",
        "argumentType" : "Object"
      }, {
        "uuid" : "938744f6-0f4e-4adb-bf3c-4fe7fbb10e79",
        "name" : "type",
        "type" : "SINGLE",
        "argumentType" : "Object"
      } ]
    }, {
      "uuid" : "20a1b770-609a-4146-8339-3b25b74fab7c",
      "name" : "repository",
      "text" : "<repository>\r\n\t<id>~id~</id>\r\n\t<name>~name~</name>\r\n\t<url>~url~</url>\r\n</repository>",
      "parameters" : [ {
        "uuid" : "4fe3d3a3-7408-45b3-80dc-289208ffff43",
        "name" : "id",
        "type" : "SINGLE"
      }, {
        "uuid" : "514f570e-4a23-4e74-96ce-ce354d956341",
        "name" : "name",
        "type" : "SINGLE"
      }, {
        "uuid" : "28a110af-d411-4e8c-835f-b412d67a8d1d",
        "name" : "url",
        "type" : "SINGLE"
      } ]
    }, {
      "uuid" : "cb7743c2-f332-4f36-81e9-21d2aa69c103",
      "name" : "execution",
      "text" : "<execution>\n    <phase>package</phase>\n    <goals>\n        <goal>shade</goal>\n    </goals>\n</execution> ",
      "parameters" : [ ]
    }, {
      "uuid" : "dd2fc133-edec-4db1-836a-df6e7c052319",
      "name" : "dependencyGroup",
      "text" : "~name~\n~groupId~\n~version~\n~artifacts:{it|~it~};separator=\"\\n\"~ ",
      "parameters" : [ {
        "uuid" : "bdd2c3c2-cfd1-4c71-a237-b699d6035bc4",
        "name" : "name",
        "type" : "SINGLE",
        "argumentType" : "Object"
      }, {
        "uuid" : "e963be97-a567-4681-b04f-7a049e2eca4e",
        "name" : "groupId",
        "type" : "SINGLE",
        "argumentType" : "Object"
      }, {
        "uuid" : "83bcd3bd-0acf-4f7e-8463-f4f4e051bfba",
        "name" : "version",
        "type" : "SINGLE",
        "argumentType" : "Object"
      }, {
        "uuid" : "ad75d2c6-a2b6-44b6-b887-2f3a66adc072",
        "name" : "artifacts",
        "type" : "LIST",
        "argumentType" : "Object"
      } ]
    } ]
  }, {
    "uuid" : "f5dc53d8-bbf6-4b8e-9cc8-b1e9a5fd17b0",
    "name" : "Plugins",
    "text" : "",
    "children" : [ {
      "uuid" : "6c40ef07-6e2d-4fbe-89e3-49248b434503",
      "name" : "frontEndMavenPlugin",
      "text" : "<!-- https://github.com/eirslett/frontend-maven-plugin -->\n<plugin>\n    <groupId>com.github.eirslett</groupId>\n    <artifactId>frontend-maven-plugin</artifactId>\n    <version>~if(pluginVersion)~~pluginVersion~~else~1.10.0~endif~</version>\n    <configuration>\n        <installDirectory>~if(installDirectory)~~installDirectory~~else~target~endif~</installDirectory>\n        <nodeVersion>v~nodeVersion~</nodeVersion>\n    </configuration>\n    <executions>\n        <execution>\n            <id>install node and npm</id>\n            <goals>\n                <goal>install-node-and-npm</goal>\n            </goals>\n        </execution>\n        <execution>\n            <id>npm install</id>\n            <goals>\n                <goal>npm</goal>\n            </goals>\n            <configuration>\n                <arguments>install</arguments>\n            </configuration>\n        </execution>\n        <execution>\n            <id>webpack build</id>\n            <goals>\n                <goal>webpack</goal>\n            </goals>\n        </execution>\n    </executions>\n</plugin~gt()~ ",
      "parameters" : [ {
        "uuid" : "fa79c412-d0ac-414a-8936-07696c4f55ac",
        "name" : "pluginVersion",
        "type" : "SINGLE",
        "argumentType" : "Object"
      }, {
        "uuid" : "0797dfc6-ba80-4be0-9ee2-2c904b2fd915",
        "name" : "installDirectory",
        "type" : "SINGLE",
        "argumentType" : "Object"
      }, {
        "uuid" : "4e468b7f-da83-43a1-8a74-259556f1509d",
        "name" : "nodeVersion",
        "type" : "SINGLE",
        "argumentType" : "Object"
      } ],
      "children" : [ {
        "uuid" : "4c836d81-bdfb-4625-b450-931af6b4742d",
        "name" : "npmScript",
        "text" : "#!/bin/sh\nPATH=\"$PWD/target/node/\":$PATH\nnode \"target/node/node_modules/npm/bin/npm-cli.js\" \"$@\" ",
        "parameters" : [ ]
      } ]
    }, {
      "uuid" : "e2949dab-710d-40d6-86ac-8f08b63ca5ce",
      "name" : "shadePlugin",
      "text" : "<!-- https://maven.apache.org/plugins/maven-shade-plugin/ -->\n<plugin>\n\t<groupId>org.apache.maven.plugins</groupId>\n\t<artifactId>maven-shade-plugin</artifactId>\n\t<version>2.4.3</version>\n\t<executions>\n\t\t<execution>\n\t\t\t<phase>package</phase>\n\t\t\t<goals>\n\t\t\t\t<goal>shade</goal>\n\t\t\t</goals>\n\t\t\t<configuration>\n\t\t\t\t<filters>\n\t\t\t\t\t<filter>\n\t\t\t\t\t\t<artifact>*:*</artifact>\n\t\t\t\t\t\t<excludes>\n\t\t\t\t\t\t\t<exclude>META-INF/*.SF</exclude>\n\t\t\t\t\t\t\t<exclude>META-INF/*.DSA</exclude>\n\t\t\t\t\t\t\t<exclude>META-INF/*.RSA</exclude>\n\t\t\t\t\t\t</excludes>\n\t\t\t\t\t</filter>\n\t\t\t\t</filters>\n\t\t\t\t<transformers>\n\t\t\t\t\t<transformer implementation=\"org.apache.maven.plugins.shade.resource.ServicesResourceTransformer\"/>\n\t\t\t\t\t<transformer implementation=\"org.apache.maven.plugins.shade.resource.ManifestResourceTransformer\">\n\t\t\t\t\t\t<manifestEntries>\n\t\t\t\t\t\t\t<Main-Class>~packageName~.~className~</Main-Class>\n\t\t\t\t\t\t</manifestEntries>\n\t\t\t\t\t</transformer>\n\t\t\t\t</transformers>\n\t\t\t\t<artifactSet/>\n\t\t\t\t<outputFile>target/${project.artifactId}-${project.version}-fat.jar</outputFile>\n\t\t\t</configuration>\n\t\t</execution>\n\t</executions>\n</plugin> ",
      "parameters" : [ {
        "uuid" : "bafeb6b2-944f-4d95-af56-d14dbdd7d0c8",
        "name" : "packageName",
        "type" : "SINGLE",
        "argumentType" : "Object"
      }, {
        "uuid" : "010c26c2-99d0-4600-b5a6-88bbf3b104b8",
        "name" : "className",
        "type" : "SINGLE",
        "argumentType" : "Object"
      } ]
    }, {
      "uuid" : "f6b8a6ed-f3ff-4bed-9180-ea870f5b65c0",
      "name" : "plugin",
      "text" : "<plugin>\r\n\t<groupId>~groupId~</groupId>\r\n\t<artifactId>~artifactId~</artifactId>\r\n\t<version>~version~</version>\r\n\t<configuration>\r\n\t\t~configuration:{it|<~it.name~>~it.value~</~it.name~>};separator=\"\\n\"~\r\n\t</configuration>\r\n\t<executions>\r\n\t\t~executions:{it|~it~};separator=\"\\n\"~\r\n\t</executions>\r\n</plugin>",
      "parameters" : [ {
        "uuid" : "dedf4532-6d36-4846-a5b6-a170581b3bf7",
        "name" : "groupId",
        "type" : "SINGLE"
      }, {
        "uuid" : "2e7b0b76-239a-4f1c-8b45-9c09d3501dc4",
        "name" : "artifactId",
        "type" : "SINGLE"
      }, {
        "uuid" : "7182f80f-bf58-4a0f-a1ad-5e59104f1245",
        "name" : "version",
        "type" : "SINGLE"
      }, {
        "uuid" : "193c431a-6e05-4416-ab86-bd88d5b0ed5c",
        "name" : "configuration",
        "type" : "KVLIST",
        "keys" : [ {
          "uuid" : "87a1b27a-0917-4b27-b8e9-802d163ac8cd",
          "name" : "name",
          "argumentType" : "Object"
        }, {
          "uuid" : "2aa3b5e4-b342-406e-820a-391a9c29d923",
          "name" : "value",
          "argumentType" : "Object"
        } ]
      }, {
        "uuid" : "e42f8724-bddf-4065-9572-13628fcb0bf9",
        "name" : "executions",
        "type" : "LIST"
      } ]
    }, {
      "uuid" : "f425a49a-40ef-4799-99d7-584e57d7bb40",
      "name" : "copyPlugin",
      "text" : "<!-- https://maven.apache.org/plugins/maven-resources-plugin/ -->\n<plugin>\n\t<artifactId>maven-resources-plugin</artifactId>\n\t<version>3.2.0</version>\n\t<executions>\n\t\t<execution>\n\t\t\t<id>copy-resources</id>\n\t\t\t<phase>validate</phase>\n\t\t\t<goals>\n\t\t\t\t<goal>copy-resources</goal>\n\t\t\t</goals>\n\t\t\t<configuration>\n\t\t\t\t<outputDirectory>~outputDirectory~</outputDirectory>\n\t\t\t\t<resources>\t\t\t \n\t\t\t\t\t<resource>\n\t\t\t\t\t\t<directory>~directory~</directory>\n\t\t\t\t\t\t<includes>\n\t\t\t\t\t\t\t~include:{it|<include>~it~</include>};separator=\"\\n\"~\n\t\t\t\t\t\t</includes>\n\t\t\t\t\t</resource>\n\t\t\t\t</resources>\t\t\t\t  \n\t\t\t</configuration>\t\t\t\t\n\t\t</execution>\n\t</executions>\n</plugin> ",
      "parameters" : [ {
        "uuid" : "f1d6f054-c19a-43ca-858a-174c5b54e922",
        "name" : "outputDirectory",
        "type" : "SINGLE",
        "argumentType" : "Object"
      }, {
        "uuid" : "abf2788b-e00c-41b8-b988-175b5f86f22b",
        "name" : "directory",
        "type" : "SINGLE",
        "argumentType" : "Object"
      }, {
        "uuid" : "4cc650e5-ffe3-4794-b719-e12eef3092da",
        "name" : "include",
        "type" : "LIST",
        "argumentType" : "Object"
      } ]
    }, {
      "uuid" : "7056b832-a8a9-47ab-a195-73a14a458efc",
      "name" : "antlr4",
      "text" : "<plugin>\n\t<groupId>org.antlr</groupId>\n\t<artifactId>antlr4-maven-plugin</artifactId>\n\t<version>~if(version)~~version~~else~4.8-1~endif~</version>\n\t<configuration>\n\t\t<sourceDirectory>~sourceDirectory~</sourceDirectory>\n\t\t~grammars:{it|<grammars>~it~.g4</grammars>};separator=\"\\n\"~\n\t\t<includes>\n\t\t\t~includes:{it|<include>~it~.g4</include>};separator=\"\\n\"~\n\t\t</includes>\t\t\n\t\t<arguments>\n\t\t\t~arguments:{it|<argument>~it~</argument>};separator=\"\\n\"~\n\t\t</arguments>\n\t\t<outputDirectory>~outputDirectory~</outputDirectory>\n\t\t<visitor>~if(visitor)~true~else~false~endif~</visitor>\n\t\t<listener>~if(listener)~true~else~false~endif~</listener>\n\t</configuration>\n\t<executions>\n\t\t<execution>\n\t\t\t<goals>\n\t\t\t\t<goal>~if(goal)~~goal~~else~antlr4~endif~</goal>\n\t\t</goals>\n\t\t</execution>\n\t</executions>\n</plugin> ",
      "parameters" : [ {
        "uuid" : "52563828-ac96-4ffd-b5dd-554b01207b4a",
        "name" : "version",
        "type" : "SINGLE",
        "argumentType" : "Object"
      }, {
        "uuid" : "e4375f85-8322-4c8c-aadf-81e8eed10619",
        "name" : "sourceDirectory",
        "type" : "SINGLE",
        "argumentType" : "Object"
      }, {
        "uuid" : "c878dd20-0c50-4647-8b65-beb49bfa98be",
        "name" : "grammars",
        "type" : "LIST",
        "argumentType" : "Object"
      }, {
        "uuid" : "5b404a41-d030-49c1-9e8a-e77e63213a0c",
        "name" : "includes",
        "type" : "LIST",
        "argumentType" : "Object"
      }, {
        "uuid" : "4aed7088-8efd-4992-ac31-16cc06d7ded6",
        "name" : "arguments",
        "type" : "LIST",
        "argumentType" : "Object"
      }, {
        "uuid" : "ba26b6a4-8cc7-4c35-8a3f-a3661e1e8d53",
        "name" : "outputDirectory",
        "type" : "SINGLE",
        "argumentType" : "Object"
      }, {
        "uuid" : "7b906964-471f-4f08-9360-1fcc457700f0",
        "name" : "visitor",
        "type" : "SINGLE",
        "argumentType" : "Object"
      }, {
        "uuid" : "4f4c4828-3be9-43ae-b15f-f07000f5c268",
        "name" : "listener",
        "type" : "SINGLE",
        "argumentType" : "Object"
      }, {
        "uuid" : "24a35264-d061-4470-9045-9a882ad2c776",
        "name" : "goal",
        "type" : "SINGLE",
        "argumentType" : "Object"
      } ]
    }, {
      "uuid" : "2e69b6b9-46b6-4867-96e1-cf34935ee362",
      "name" : "antlr4Simple",
      "text" : "<plugin>\n\t<groupId>org.antlr</groupId>\n\t<artifactId>antlr4-maven-plugin</artifactId>\n\t<version>4.3</version>\n\t<configuration>\n\t\t<outputDirectory>${basedir}/src/main/java</outputDirectory>\n\t\t<visitor>true</visitor>\n\t</configuration>\n\t<executions>\n\t\t<execution>\n\t\t\t<goals>\n\t\t\t\t<goal>antlr4</goal>\n\t\t\t</goals>\n\t\t</execution>\n\t</executions>\n</plugin> ",
      "parameters" : [ ]
    } ]
  }, {
    "uuid" : "ec3aaf4b-dc85-4bb4-b1e3-7a8ac732865f",
    "name" : "dependencyManagement",
    "text" : "<dependencyManagement>\n\t<dependencies>\n\t\t~dependencies:{it|~it~};separator=\"\\n\"~\n\t</dependencies>\n</dependencyManagement> ",
    "parameters" : [ {
      "uuid" : "27916ba5-16af-4c26-b7b9-c102839707a1",
      "name" : "dependencies",
      "type" : "LIST",
      "argumentType" : "Dependency"
    } ]
  }, {
    "uuid" : "b7a1cf86-16b6-4983-adf5-dd6ca5448d25",
    "name" : "MavenPatterns",
    "text" : ""
  }, {
    "uuid" : "2e6c8640-2fa7-47f0-8fa6-a66683ff7301",
    "name" : "Project",
    "text" : "package ~packageName~;\n\nimport nextgen.st.STGenerator;\nimport static nextgen.utils.StringUtil.*;\n\n~templates:{it|import nextgen.templates.~it;format=\"toLower\"~.*;\nimport nextgen.templates.~it~Patterns;\n};separator=\"\\n\"~\n~imports:{it|~it~};separator=\"\\n\"~\n\nimport java.util.*;\nimport java.io.*;\n\npublic class ~name~ {\n\n\tfinal File root = new File(\"~root~\");\n\t\n\tfinal File mainJava = new File(root, \"src/main/java\");\n\tfinal File mainResources = new File(root, \"src/main/resources\");\n\tfinal File testJava = new File(root, \"src/test/java\");\n\tfinal File testResources = new File(root, \"src/test/resources\");\n\t\n\t~fields:{it|~if(it.init)~final ~endif~~it.type~ ~it.name~~if(it.init)~ = ~it.init~~endif~;};separator=\"\\n\"~\n\n\t~files:{it|final File ~it.name~ = new File(~if(it.parent)~~it.parent~, ~endif~\"~it.path~\");};separator=\"\\n\"~\n\t\n\t~packageDeclarations:{it|~it~};separator=\"\\n\"~\n\n\t~entities:{it|~it~};separator=\"\\n\"~\n\t\n\t~generators:{it|~it~};separator=\"\\n\\n\"~\n\n\t~methods:{it|~it~};separator=\"\\n\\n\"~\n} ",
    "parameters" : [ {
      "uuid" : "b308d46d-0864-4ec4-bb4a-7fef0c0222df",
      "name" : "packageName",
      "type" : "SINGLE",
      "argumentType" : "String"
    }, {
      "uuid" : "4d2a7ca4-a4fc-42e0-9e5e-8a6dbe41e0aa",
      "name" : "templates",
      "type" : "LIST",
      "argumentType" : "Object"
    }, {
      "uuid" : "834c4d8b-f429-41ba-8405-f68ed4d0c8ab",
      "name" : "imports",
      "type" : "LIST",
      "argumentType" : "Object"
    }, {
      "uuid" : "cd28b603-9065-4ea5-905a-aff49137883b",
      "name" : "name",
      "type" : "SINGLE",
      "argumentType" : "String"
    }, {
      "uuid" : "7de2093f-bbce-44ed-8aa7-0f67de90aba7",
      "name" : "root",
      "type" : "SINGLE",
      "argumentType" : "String"
    }, {
      "uuid" : "41456a3c-230f-42c7-a963-6cd17f3bfab2",
      "name" : "fields",
      "type" : "KVLIST",
      "argumentType" : "Object",
      "keys" : [ {
        "uuid" : "f2344fe0-51b2-4a90-90de-12107723264d",
        "name" : "type",
        "argumentType" : "Object"
      }, {
        "uuid" : "b6492c17-f8b0-4a41-9f51-3c955921f133",
        "name" : "name",
        "argumentType" : "Object"
      }, {
        "uuid" : "0b49cd88-35a5-4145-a844-8f8aa2ea9af3",
        "name" : "init",
        "argumentType" : "Object"
      } ]
    }, {
      "uuid" : "9cf5499d-8e20-475b-aa1e-c9abc87ee761",
      "name" : "files",
      "type" : "KVLIST",
      "argumentType" : "Object",
      "keys" : [ {
        "uuid" : "d0df61bb-0334-47fc-aca7-53acfb9c3649",
        "name" : "name",
        "argumentType" : "Object"
      }, {
        "uuid" : "af08685c-ca8f-4880-ad0c-e795e2acebaa",
        "name" : "parent",
        "argumentType" : "Object"
      }, {
        "uuid" : "977b1850-75cf-4cdc-9752-037a49e0539e",
        "name" : "path",
        "argumentType" : "Object"
      } ]
    }, {
      "uuid" : "0d5e30a7-85dc-430b-8012-8d9edf6113f5",
      "name" : "packageDeclarations",
      "type" : "LIST",
      "argumentType" : "ProjectPackage"
    }, {
      "uuid" : "c243f9ff-c782-4a6e-a7b7-3bedaa5addd9",
      "name" : "entities",
      "type" : "LIST",
      "argumentType" : "Object"
    }, {
      "uuid" : "880ef206-9213-4023-88f2-74366528660a",
      "name" : "generators",
      "type" : "LIST",
      "argumentType" : "Object"
    }, {
      "uuid" : "b61f22e2-572b-4d1b-9ca8-8c9c990d55c6",
      "name" : "methods",
      "type" : "LIST",
      "argumentType" : "Object"
    } ],
    "children" : [ {
      "uuid" : "553cf9a6-38e4-4da8-931e-38aefc733e78",
      "name" : "ProjectGenerator",
      "text" : "/**\n * ~name~\n * ~description~\n */\n@org.junit.Test\npublic void ~name~() {\n\t~statements:{it|~it~};separator=\"\\n\"~\n} ",
      "parameters" : [ {
        "uuid" : "cf15ded3-ad36-447f-88b4-660cc284cd57",
        "name" : "name",
        "type" : "SINGLE",
        "argumentType" : "Object"
      }, {
        "uuid" : "31fff089-0b3e-4871-a0c0-8ee134ca0130",
        "name" : "description",
        "type" : "SINGLE",
        "argumentType" : "Object"
      }, {
        "uuid" : "37bd62b0-d8da-49ff-86f6-0e8b40fc8fc4",
        "name" : "statements",
        "type" : "LIST",
        "argumentType" : "Object"
      } ]
    }, {
      "uuid" : "24ffaa86-978d-40f1-a641-cb202f0f51d6",
      "name" : "ProjectPackage",
      "text" : "protected final nextgen.templates.java.PackageDeclaration ~name~ = nextgen.templates.JavaPatterns.newPackageDeclaration(~if(parentPackage)~~parentPackage~, ~endif~\"~packageName~\");\n~childPackages:{it|~it~};separator=\"\\n\"~ ",
      "parameters" : [ {
        "uuid" : "1f73deb8-42c0-4a84-bde0-84b998662564",
        "name" : "name",
        "type" : "SINGLE",
        "argumentType" : "String"
      }, {
        "uuid" : "2fd9d082-3400-425c-bee8-54a54a8ab8f5",
        "name" : "parentPackage",
        "type" : "SINGLE",
        "argumentType" : "ProjectPackage"
      }, {
        "uuid" : "284565c4-32bb-4cb8-9e18-262c5a7a9fc9",
        "name" : "packageName",
        "type" : "SINGLE",
        "argumentType" : "String"
      }, {
        "uuid" : "655be9e6-1c58-4fda-aa61-c4068acede3f",
        "name" : "childPackages",
        "type" : "LIST",
        "argumentType" : "Object"
      } ]
    } ]
  } ],
  "stgFile" : "/home/goe/projects/nextgen/components/core/src/main/resources/templates/Maven.stg",
  "enums" : [ {
    "uuid" : "a85f5c4a-3e46-42b4-aa71-fba7bc35a8dd",
    "name" : "DependencyScope",
    "values" : [ {
      "uuid" : "042788ad-da5b-4222-9df7-e8548f3ed189",
      "name" : "Provided",
      "lexical" : "provided"
    }, {
      "uuid" : "41da9161-65e5-4ff8-a90b-d9724f48c90b",
      "name" : "Runtime",
      "lexical" : "runtime"
    }, {
      "uuid" : "b9234f59-5bf9-4576-96c1-9cdb26f972fc",
      "name" : "Test",
      "lexical" : "test"
    }, {
      "uuid" : "ecb965e9-670a-4287-99bf-2307fa9210fd",
      "name" : "System",
      "lexical" : "system"
    }, {
      "uuid" : "dd03edfc-511b-4cdd-8c8c-96e1a41b513a",
      "name" : "Import",
      "lexical" : "import"
    }, {
      "uuid" : "a644d92d-3b59-4b8e-8ba9-eca39b2ea4f8",
      "name" : "Compile",
      "lexical" : "compile"
    } ]
  }, {
    "uuid" : "59c76de1-72d0-4a6f-a2bb-c497eb042e36",
    "name" : "DependencyType",
    "values" : [ {
      "uuid" : "c868393b-ee01-4167-8c6e-a0515f4e43ee",
      "name" : "Pom",
      "lexical" : "pom"
    }, {
      "uuid" : "5f36140b-8cd3-4432-a920-db9fd8f031f2",
      "name" : "Jar",
      "lexical" : "jar"
    }, {
      "uuid" : "2045822a-6cc4-40d3-af8d-70d74a0ab571",
      "name" : "War",
      "lexical" : "war"
    } ]
  } ],
  "interfaces" : [ {
    "uuid" : "251d2d98-7714-4821-9b1a-d90d4f70250d",
    "name" : "PomProperty"
  } ]
}