{
  "uuid" : "7c268c0f-610b-427d-b42b-93cfe3e71a3e",
  "name" : "MobX",
  "delimiter" : "~",
  "templates" : [ {
    "uuid" : "d58fad4b-5c9a-4cd0-b2dd-7e3978d95896",
    "name" : "Store",
    "text" : "import { observable, action, reaction } from 'mobx';\n~imports:{it|import ~it.ref~ from '~it.path~';};separator=\"\\n\"~\n\nclass ~name;format=\"capitalize\"~ {\n\n\t~observables:{it|~it~};separator=\"\\n\"~\n\n\tconstructor() {\n\t\t~constructorStatements:{it|~it~};separator=\"\\n\"~\n\t}\n\n\t~actions:{it|~it~};separator=\"\\n\\n\"~\n}\n\nexport default new ~name;format=\"capitalize\"~(); ",
    "parameters" : [ {
      "uuid" : "87fcee0c-f0ed-41fb-b888-dcf5e69633c3",
      "name" : "imports",
      "type" : "KVLIST",
      "argumentType" : "Object",
      "keys" : [ {
        "uuid" : "d6bd8911-ffc6-4389-ba6d-1ca82f4f6a29",
        "name" : "ref",
        "argumentType" : "Object"
      }, {
        "uuid" : "e19f9274-369f-4825-a25d-ce4e77a4c114",
        "name" : "path",
        "argumentType" : "Object"
      } ]
    }, {
      "uuid" : "afc5873a-7117-4675-b393-d8f83afaa2e9",
      "name" : "name",
      "type" : "SINGLE",
      "argumentType" : "String"
    }, {
      "uuid" : "51af1ef0-45b3-41de-ba23-e6c7417fabbc",
      "name" : "observables",
      "type" : "LIST",
      "argumentType" : "Observable"
    }, {
      "uuid" : "d20ec008-b204-4116-804a-96cbada6eddc",
      "name" : "constructorStatements",
      "type" : "LIST",
      "argumentType" : "Object"
    }, {
      "uuid" : "63683f05-caf3-41d0-b302-9e1ffd1bfff1",
      "name" : "actions",
      "type" : "LIST",
      "argumentType" : "Action"
    } ],
    "implements" : [ "IStore" ],
    "children" : [ {
      "uuid" : "b2a3048c-fbf4-415e-8b68-3d84012d0c48",
      "name" : "Action",
      "text" : "@action ~name~(~params:{it|~it~};separator=\",\"~) {\n\tconsole.info(\"action ~name~ \" ~params:{it| + \" ~it~ \" + ~it~}~);\n\t~statements:{it|~it~};separator=\"\\n\"~\n} ",
      "parameters" : [ {
        "uuid" : "99c5485e-2e35-49e0-b056-c697d34e1d32",
        "name" : "name",
        "type" : "SINGLE",
        "argumentType" : "Object"
      }, {
        "uuid" : "6d01af91-beaa-4786-a209-3223be06aed6",
        "name" : "params",
        "type" : "LIST",
        "argumentType" : "Object"
      }, {
        "uuid" : "f0ef0c11-aadf-432f-8552-b65e8de175c3",
        "name" : "statements",
        "type" : "LIST",
        "argumentType" : "Object"
      } ]
    } ]
  }, {
    "uuid" : "0e361b02-09c8-4b21-8af1-336769f15076",
    "name" : "BackendStore",
    "text" : "import { observable, action, reaction } from 'mobx';\n~imports:{it|import ~it.ref~ from '~it.path~';};separator=\"\\n\"~\n\nclass ~name;format=\"capitalize\"~ {\n\n\t~observables:{it|~it~};separator=\"\\n\"~\n\t@observable errors;\n\t@observable inProgress = false;\n\n\tconstructor() {\n\t\t~constructorStatements:{it|~it~};separator=\"\\n\"~\n\t}\n\n\t~actions:{it|~it~};separator=\"\\n\\n\"~\n\n\t~backendActions:{it|~it~};separator=\"\\n\\n\"~\n\n\t@action setErrors(action, errors) {\n\t\tconsole.info(\"action \" + action + \".errors \" + errors);\n\t\tthis.errors = errors;\n\t}\n}\n\nexport default new ~name;format=\"capitalize\"~(); ",
    "parameters" : [ {
      "uuid" : "b9bbe3fb-c316-45fb-add3-e8e87a471f0a",
      "name" : "imports",
      "type" : "KVLIST",
      "argumentType" : "Object",
      "keys" : [ {
        "uuid" : "f9ae7ff5-65b8-4e39-b135-489e2695177c",
        "name" : "ref",
        "argumentType" : "Object"
      }, {
        "uuid" : "cb618998-cbc3-49ce-b7b3-f760394992f3",
        "name" : "path",
        "argumentType" : "Object"
      } ]
    }, {
      "uuid" : "9bff7f32-609a-46a2-8f59-7bdbc5ffde43",
      "name" : "name",
      "type" : "SINGLE",
      "argumentType" : "String"
    }, {
      "uuid" : "e411b188-4ccf-446e-8c66-0d86e0741880",
      "name" : "observables",
      "type" : "LIST",
      "argumentType" : "Observable"
    }, {
      "uuid" : "c70fdd32-40ba-45b8-bbd4-a56a1d686e24",
      "name" : "constructorStatements",
      "type" : "LIST",
      "argumentType" : "Object"
    }, {
      "uuid" : "8e06daf9-5437-4cdd-b36c-7b6ce1298930",
      "name" : "actions",
      "type" : "LIST",
      "argumentType" : "Object"
    }, {
      "uuid" : "34e9eeb4-4f2c-4b1f-bb6e-24c2ab2df4f8",
      "name" : "backendActions",
      "type" : "LIST",
      "argumentType" : "BackendAction"
    } ],
    "implements" : [ "IStore" ],
    "children" : [ {
      "uuid" : "671a98db-06fe-42bb-b7f5-306d83616d9f",
      "name" : "BackendAction",
      "text" : "@action ~name~(~params:{it|~it~};separator=\",\"~) {\n\tconsole.info(\"action ~name~\");\n\tthis.inProgress = true;\n\tagent.~endpoint~.~method~(~params:{it|~it~};separator=\",\"~)\n\t\t.then(({ data }) => this.set~name;format=\"capitalize\"~(data))\n\t\t.catch(action((err) => {\n\t\t\tconsole.info(\"error ~endpoint~.~method~ : \" + err.rawResponse);\n\t\t\tthis.setErrors(\"~name~\", err.response && err.response.body && err.response.body.errors);\n\t\t\tthrow err;\n\t\t}))\n\t\t.finally(action(() => this.inProgress = false))\n}\n\n@action set~name;format=\"capitalize\"~(data) {\n\tconsole.info(\"set~name;format=\"capitalize\"~ \" + data);\n\tthis.~observable~ = data;\n} ",
      "parameters" : [ {
        "uuid" : "c00e06ac-61aa-4745-b135-548336d2347a",
        "name" : "name",
        "type" : "SINGLE",
        "argumentType" : "Object"
      }, {
        "uuid" : "0ab61329-7946-4387-ab38-e1fecdbcb739",
        "name" : "params",
        "type" : "LIST",
        "argumentType" : "Object"
      }, {
        "uuid" : "70404d63-13d0-42b5-aea5-34343f104b4a",
        "name" : "endpoint",
        "type" : "SINGLE",
        "argumentType" : "Object"
      }, {
        "uuid" : "7de2942e-be7f-45ab-8cdc-62a7b3e3f264",
        "name" : "method",
        "type" : "SINGLE",
        "argumentType" : "Object"
      }, {
        "uuid" : "e7e7b2f1-955e-498f-b8ba-eccaf23e9570",
        "name" : "observable",
        "type" : "SINGLE",
        "argumentType" : "Object"
      } ]
    } ]
  }, {
    "uuid" : "5119638f-c490-4582-a423-857b37f361f1",
    "name" : "Inject",
    "text" : "@inject(~values:{it|~it~};separator=\", \"~) ",
    "parameters" : [ {
      "uuid" : "2959e2a9-d494-4af8-8da6-d3d0edacd9da",
      "name" : "values",
      "type" : "LIST",
      "argumentType" : "Object"
    } ]
  }, {
    "uuid" : "bb0b7f0d-f8a4-48af-8f72-4d1d72d3d7b5",
    "name" : "Observable",
    "text" : "@observable ~name~~if(initializer)~ = ~initializer~~endif~; ",
    "parameters" : [ {
      "uuid" : "5e8bcfd2-113f-4668-9c24-03eb8c32e687",
      "name" : "name",
      "type" : "SINGLE",
      "argumentType" : "String"
    }, {
      "uuid" : "e4460db5-e456-4c5f-b84e-92d9f3151603",
      "name" : "initializer",
      "type" : "SINGLE",
      "argumentType" : "Object"
    } ]
  }, {
    "uuid" : "68bbe094-1cf4-4144-b761-b7dd62ecab13",
    "name" : "Reaction",
    "text" : "reaction(~dataFunction~, ~effectFunction~); ",
    "parameters" : [ {
      "uuid" : "19810460-3db4-4d83-a609-13102db75960",
      "name" : "dataFunction",
      "type" : "SINGLE",
      "argumentType" : "Object"
    }, {
      "uuid" : "832f5559-ee89-4b9b-a910-a3af150b05ea",
      "name" : "effectFunction",
      "type" : "SINGLE",
      "argumentType" : "Object"
    } ]
  } ],
  "interfaces" : [ {
    "uuid" : "1a20e22b-80c2-4f94-9363-00f6e841551c",
    "name" : "IStore"
  } ]
}