{
  "uuid" : "2ab72afd-3f7d-43af-9e32-3e16b3cc007a",
  "name" : "Npm",
  "delimiter" : "~",
  "templates" : [ {
    "uuid" : "a47d10f0-32a1-4e18-9504-2b9c359f5a5c",
    "name" : "babelrc",
    "text" : "{\r\n\t\"presets\": [\r\n\t\t\"@babel/preset-env\", \r\n\t\t\"@babel/preset-react\"\r\n\t],\r\n\t\"plugins\": [\r\n\t\t[\"module:@babel/plugin-proposal-decorators\", { \"legacy\": true }],\r\n\t\t[\"module:@babel/plugin-proposal-class-properties\", { \"loose\": true }]\r\n\t]\r\n} "
  }, {
    "uuid" : "f4131f43-115e-4876-86a4-14fc547473e6",
    "name" : "dependency",
    "text" : "\"~name~\": \"^~version~\" ",
    "parameters" : [ {
      "uuid" : "69f4476b-6080-4e11-8500-d74d83d09527",
      "name" : "name",
      "argumentType" : "Object",
      "type" : "SINGLE"
    }, {
      "uuid" : "d146f65f-b1e9-4857-bb82-5dbf851ff750",
      "name" : "version",
      "argumentType" : "Object",
      "type" : "SINGLE"
    } ]
  }, {
    "uuid" : "b8a70aa9-d762-43a6-9680-1ba77ac63a02",
    "name" : "packageJson",
    "text" : "{\r\n  \"name\": \"~name~\",\r\n  \"version\": \"~version~\",\r\n  \"description\": \"~description~\",\r\n  \"main\": \"~main~\",\r\n  \"scripts\": {\r\n    ~scripts:{it|~it~};separator=\",\\n\"~\r\n  },\r\n  \"repository\": {\r\n    \"type\": \"~repositoryType~\",\r\n    \"url\": \"~repositoryUrl~\"\r\n  },\r\n  \"author\": \"~author~\",\r\n  \"license\": \"~license~\",\r\n  \"bugs\": {\r\n    \"url\": \"~bugsUrl~\"\r\n  },\r\n  \"homepage\": \"~homepage~\",\r\n  \"dependencies\": {\r\n    ~dependencies:{it|~it~};separator=\",\\n\"~\r\n  },\r\n  \"devDependencies\": {\r\n    ~devDependencies:{it|~it~};separator=\",\\n\"~\r\n  }\r\n} ",
    "parameters" : [ {
      "uuid" : "1d70e796-287e-454b-98c5-c65272a69b15",
      "name" : "main",
      "argumentType" : "Object",
      "type" : "SINGLE"
    }, {
      "uuid" : "690b11d1-7096-4387-b7dd-c590b5172442",
      "name" : "license",
      "argumentType" : "Object",
      "type" : "SINGLE"
    }, {
      "uuid" : "81475ec5-468c-4ca1-8af9-f65f7cc264dc",
      "name" : "bugsUrl",
      "argumentType" : "Object",
      "type" : "SINGLE"
    }, {
      "uuid" : "93de6439-e2ac-42c9-b65c-681a86680a4e",
      "name" : "devDependencies",
      "argumentType" : "Object",
      "type" : "LIST"
    }, {
      "uuid" : "00c6acc0-1d8c-4611-80c1-9d2708dd8560",
      "name" : "scripts",
      "argumentType" : "Object",
      "type" : "LIST"
    }, {
      "uuid" : "fa01dde7-36e1-4c8c-a1bf-0fc051510d71",
      "name" : "dependencies",
      "argumentType" : "Object",
      "type" : "LIST"
    }, {
      "uuid" : "72896769-4fb0-450e-8ee8-c193190ca6fc",
      "name" : "homepage",
      "argumentType" : "Object",
      "type" : "SINGLE"
    }, {
      "uuid" : "da0e701f-b7b0-4eb0-ab7e-b0c2fba9483e",
      "name" : "repositoryUrl",
      "argumentType" : "Object",
      "type" : "SINGLE"
    }, {
      "uuid" : "5832b661-3f23-4be7-9136-473a5c79b442",
      "name" : "author",
      "argumentType" : "Object",
      "type" : "SINGLE"
    }, {
      "uuid" : "de454b3a-aaee-4374-b701-1ecd20afdf0b",
      "name" : "version",
      "argumentType" : "Object",
      "type" : "SINGLE"
    }, {
      "uuid" : "79becd51-cabf-4951-944a-50a7e71fc27e",
      "name" : "repositoryType",
      "argumentType" : "Object",
      "type" : "SINGLE"
    }, {
      "uuid" : "5fceceac-ad7a-4549-9869-d027b02106c9",
      "name" : "description",
      "argumentType" : "Object",
      "type" : "SINGLE"
    }, {
      "uuid" : "34227853-ed0b-41d0-bfe4-d4968f677128",
      "name" : "name",
      "argumentType" : "Object",
      "type" : "SINGLE"
    } ]
  }, {
    "uuid" : "1e92681a-b585-4516-b8bf-3c4b0e044f3b",
    "name" : "script",
    "text" : "\"~name~\": \"~command~\" ",
    "parameters" : [ {
      "uuid" : "d19ca443-4c0a-48ab-a5e6-c1e5b5c8bd5b",
      "name" : "command",
      "argumentType" : "Object",
      "type" : "SINGLE"
    }, {
      "uuid" : "e38500f8-18eb-4d29-bef0-ebeb91654fa3",
      "name" : "name",
      "argumentType" : "Object",
      "type" : "SINGLE"
    } ]
  }, {
    "uuid" : "02617ae9-b1b3-416e-a4ea-480d5ded9627",
    "name" : "WebpackConfig",
    "text" : "const path = require('path');\n\nmodule.exports = {\n\tentry: { \n\t\tmain: '.~mainEntry~' \n\t},\n\tmode: '~if(mode)~~mode~~else~production~endif~',\n\toutput: {\n\t\tpath: __dirname,\n\t\tfilename: '~outputFilename~'\n\t},\n\tmodule: {\n\t\trules: [\n\t\t\t{\n\t\t\t\ttest: path.join(__dirname, '.'),\n\t\t\t\texclude: /(node_modules)/,\n\t\t\t\tuse: [\n\t\t\t\t\t{\n\t\t\t\t\t\tloader: 'babel-loader',\n\t\t\t\t\t\toptions: {\n\t\t\t    \t\t\tpresets: [\"@babel/preset-env\", \"@babel/preset-react\"]\n\t\t\t\t\t\t}\n\t\t\t\t\t}\n\t\t\t\t]\n\t\t\t}\n\t\t]\n\t}\n}; ",
    "parameters" : [ {
      "uuid" : "b3602bb1-e343-4606-847b-88d534ad4878",
      "name" : "mainEntry",
      "type" : "SINGLE",
      "argumentType" : "Object"
    }, {
      "uuid" : "26190c47-f675-4a0b-b0e3-c47fec40462f",
      "name" : "mode",
      "type" : "SINGLE",
      "argumentType" : "Object"
    }, {
      "uuid" : "64535551-c2a4-425f-99c4-1506d523421d",
      "name" : "outputFilename",
      "type" : "SINGLE",
      "argumentType" : "Object"
    } ]
  }, {
    "uuid" : "661690b2-5d8b-4ca0-bfd5-0b1ded2452f1",
    "name" : "NpmProject",
    "text" : "~root~\n~packageJson~\n~webpackConfig~\n~babelrc~",
    "parameters" : [ {
      "uuid" : "14e9d70d-6c00-47d3-b633-972aebfe51f2",
      "name" : "root",
      "type" : "SINGLE",
      "argumentType" : "String"
    }, {
      "uuid" : "4175a92e-ef85-4328-93b0-55e850b34442",
      "name" : "packageJson",
      "type" : "SINGLE",
      "argumentType" : "PackageJson"
    }, {
      "uuid" : "44f88ea0-d2d3-44ab-8621-e7312105e00f",
      "name" : "webpackConfig",
      "type" : "SINGLE",
      "argumentType" : "WebpackConfig"
    }, {
      "uuid" : "34560c3a-2181-493e-a70b-e929dbbeb7ac",
      "name" : "babelrc",
      "type" : "SINGLE",
      "argumentType" : "Babelrc"
    } ]
  } ],
  "stgFile" : "/home/goe/projects/nextgen/components/core/src/main/resources/templates/Npm.stg"
}