{
  "uuid" : "6749572a-4be2-4f59-89d1-e2a846262659",
  "name" : "Piccolo2D",
  "delimiter" : "~",
  "templates" : [ {
    "uuid" : "ba2951ae-640a-498d-bf6f-7901f866d8af",
    "name" : "PCanvas",
    "text" : "package ~packageName~;\n\nimport org.piccolo2d.PCamera;\nimport org.piccolo2d.PCanvas;\nimport org.piccolo2d.PLayer;\nimport org.piccolo2d.PNode;\nimport org.piccolo2d.event.PBasicInputEventHandler;\nimport org.piccolo2d.event.PInputEvent;\nimport org.piccolo2d.event.PInputEventFilter;\nimport org.piccolo2d.event.PInputEventListener;\nimport org.piccolo2d.nodes.PPath;\nimport org.piccolo2d.util.PBounds;\n\nimport javax.swing.*;\nimport java.awt.*;\nimport java.awt.event.ActionEvent;\nimport java.awt.event.KeyEvent;\nimport java.util.Map;\nimport java.util.UUID;\nimport java.util.concurrent.ConcurrentHashMap;\nimport java.util.function.Consumer;\nimport java.util.function.Predicate;\nimport java.util.stream.Stream;\n\nimport static java.awt.event.KeyEvent.*;\n\npublic class ~name~ extends PCanvas implements PInputEventListener {\n\n\tprivate final static org.slf4j.Logger log = org.slf4j.LoggerFactory.getLogger(~name~.class);\n\n\tprivate final PLayer nodeLayer;\n\tprivate final PLayer relationLayer = new PLayer();\n\n\tfinal Map<UUID, ~nodeName~> nodeMap = new ConcurrentHashMap<>();\n\tfinal Map<UUID, ~relationName~> relationMap = new ConcurrentHashMap<>();\n\n\tprivate final SelectEventsHandler selectEventHandler = new SelectEventsHandler();\n\tprivate final CanvasInputEventsHandler canvasInputEventsHandler = new CanvasInputEventsHandler();\n\tfinal CanvasZoomHandler canvasZoomHandler = new CanvasZoomHandler();\n\n\t~fields:{it|~it.type~ ~it.name~;};separator=\"\\n\"~\n\n\tpublic ~name~(~fields:{it|~it.type~ ~it.name~};separator=\",\"~) {\n\t\tthis(~fields:{it|~it.name~};separator=\", \"~~if(fields)~, ~endif~UIManager.getColor(\"Panel.background\"), new Dimension(1024, 1024));\n\t}\n\n\tpublic ~name~(~fields:{it|~it.type~ ~it.name~};separator=\", \"~~if(fields)~, ~endif~Color background, Dimension preferredSize) {\n\t\tsuper();\n\t\tsetBackground(background);\n\t\tsetPreferredSize(preferredSize);\n\t\tnodeLayer = getLayer();\n\t\tgetCamera().addLayer(0, relationLayer);\n\n\t\tremoveInputEventListener(getZoomEventHandler());\n\t\taddInputEventListener(canvasZoomHandler);\n\t\taddInputEventListener(canvasInputEventsHandler);\n\t\t~fields:{it|this.~it.name~ = ~it.name~;};separator=\"\\n\"~\n\t\t~constructorStatements:{it|~it~};separator=\"\\n\"~\n\t}\n\n\t@Override\n\tpublic void processEvent(PInputEvent pInputEvent, int i) {\n\t\tcanvasInputEventsHandler.processEvent(pInputEvent, i);\n\t}\n\n\tpublic Point getCenterPosition() {\n\t\tfinal java.awt.geom.Point2D center2D = getCamera().getViewBounds().getCenter2D();\n\t\treturn new Point((int) center2D.getX(), (int) center2D.getY());\n\t}\n\n\tpublic Point getCurrentMousePosition() {\n\t\tfinal Point mousePosition = getMousePosition();\n\t\tif (mousePosition == null) return getCenterPosition();\n\t\tfinal java.awt.geom.Point2D localToView = getCamera().localToView(mousePosition);\n\t\treturn new Point((int) localToView.getX(), (int) localToView.getY());\n\t}\n\n\tpublic <N extends ~nodeName~> void centerNode(N node) {\n\t\tSwingUtilities.invokeLater(() -> getCamera().animateViewToCenterBounds(node.getGlobalFullBounds(), false, 500));\n\t}\n\n\t@SuppressWarnings(\"unchecked\")\n\tpublic <N extends ~nodeName~> Stream<N> getAllNodes() {\n\t\treturn nodeLayer.getAllNodes().stream().filter((Predicate<PNode>) node -> node instanceof ~nodeName~);\n\t}\n\n\tpublic <N extends ~nodeName~> Stream<N> getSelectedNodes() {\n\t\treturn (Stream<N>) getAllNodes().filter(~nodeName~::isSelected);\n\t}\n\n\tpublic <N extends ~nodeName~> Stream<N> getUnselectedNodes() {\n\t\treturn (Stream<N>) getAllNodes().filter(stNode -> !stNode.isSelected());\n\t}\n\n\t@SuppressWarnings(\"unchecked\")\n\tpublic <R extends ~relationName~> Stream<R> getAllRelations() {\n\t\treturn relationLayer.getAllNodes().stream().filter((Predicate<PNode>) node -> node instanceof ~relationName~);\n\t}\n\n\tpublic <R extends ~relationName~> Stream<R> getSelectedRelations() {\n\t\treturn (Stream<R>) getAllRelations().filter(~relationName~::isSelected);\n\t}\n\n\tpublic <N extends ~nodeName~> N addNode(String uuid, java.util.function.Supplier<N> supplier) {\n\t\treturn addNode(java.util.UUID.fromString(uuid), supplier);\n\t}\n\n\tpublic <N extends ~nodeName~> N addNode(N node) {\n\t\treturn addNode(node.getUuid(), () -> node);\n\t}\n\n\tpublic <N extends ~nodeName~> N addNode(java.util.UUID uuid, java.util.function.Supplier<N> supplier) {\n\n\t\tfinal N existing = getNode(uuid);\n\t\tif (existing != null) {\n\t\t\tlog.debug(\"N-\" + uuid + \" exists in canvas\");\n\t\t\texisting.refresh();\n\t\t\texisting.select();\n\t\t\treturn existing;\n\t\t}\n\t\tlog.debug(\"N-\" + uuid + \" added to canvas\");\n\n\t\tfinal N node= supplier.get();\n\t\tnode.select();\n\t\tnode.setOffset(getCenterPosition());\n\t\tnodeMap.put(node.getUuid(), node);\n\t\tnodeLayer.addChild(node);\n\n\t\t~nodeAddedStatements:{it|~it~};separator=\"\\n\"~\n\n\t\tnode.addedToCanvas();\n\n\t\tgetAllNodes()\n\t\t\t\t.filter(stNode -> !stNode.getUuid().equals(node.getUuid()))\n\t\t\t\t.forEach(stNode -> stNode.newNodeAdded(node));\n\n\t\treturn node;\n\t}\n\n\tpublic <N extends ~nodeName~> N getNode(String uuid) {\n\t\treturn getNode(java.util.UUID.fromString(uuid));\n\t}\n\n\tpublic <N extends ~nodeName~> N getNode(UUID uuid) {\n\t\treturn (N) nodeMap.get(uuid);\n\t}\n\n\t<N extends ~nodeName~> N removeNode(UUID uuid) {\n\t\tfinal ~nodeName~ remove = nodeMap.remove(uuid);\n\t\tfinal N old = (N) nodeLayer.removeChild(remove);\n\t\tlog.debug(\"\\tN-\"+ uuid + \" removed from canvas : \" + (old == null ? \"null\" : old.getUuid()));\n\t\treturn (N) remove;\n\t}\n\n\tpublic <R extends ~relationName~> R addRelation(String uuid, java.util.function.Supplier<R> supplier) {\n\t\treturn addRelation(java.util.UUID.fromString(uuid), supplier);\n\t}\n\n\tpublic <R extends ~relationName~> R addRelation(java.util.UUID uuid, java.util.function.Supplier<R> supplier) {\n\n\t\tfinal R existing = getRelation(uuid);\n\t\tif (existing != null) {\n\t\t\tlog.debug(\"R-\"+ uuid + \" exists in canvas\");\n\t\t\treturn existing;\n\t\t}\n\t\tlog.debug(\"R-\"+ uuid + \" added to canvas\");\n\n\t\tfinal R relation = supplier.get();\n\t\trelationMap.put(relation.getUuid(), relation);\n\t\trelationLayer.addChild(relation);\n\t\treturn relation;\n\t}\n\n\t<R extends ~relationName~> R removeRelation(UUID uuid) {\n\t\tfinal ~relationName~ remove = relationMap.remove(uuid);\n\t\tif (remove == null) return null;\n\n\t\tremove.close();\n\t\tfinal R old = (R) relationLayer.removeChild(remove);\n\t\tlog.debug(\"\\tR-\"+ uuid + \" removed from canvas : \" + (old == null ? \"null\" : old.getUuid()));\n\t\treturn (R) remove;\n\t}\n\n\tpublic <R extends ~relationName~> R getRelation(UUID uuid) {\n\t\treturn (R) relationMap.get(uuid);\n\t}\n\n\tprotected void onCanvasRightClick(JPopupMenu pop, PInputEvent event) {\n\t\t~onRightClick:{it|pop.add(new ~it.name~(this, event));};separator=\"\\n\"~\n\t}\n\n\tprotected void onCanvasLeftClick(PInputEvent event) {\n\t\tSwingUtilities.invokeLater(() -> getSelectedNodes().forEach(~nodeName~::unselect));\n\t}\n\n\tprotected void onCanvasKeyPressed(PInputEvent event) {\n~if(onKeyPressed)~\n\t\tswitch (event.getKeyCode()) {\n\t~onKeyPressed:{it|\n\t\tcase VK_~it.key~:\n\t\t\tnew ~it.name~(this, event).actionPerformed(null);\n\t\t\tbreak;\n\t\t};separator=\"\\n\"~\n\t\t}\n~endif~\n\t}\n\n\t~CanvasInputEventsHandler(canvasName=name)~\n\n\t~SelectEventsHandler()~\n\n\t~CanvasZoomHandler()~\n\n\tstatic abstract class CanvasAction extends AbstractAction {\n\n\t\tfinal ~name~ canvas;\n\t\tfinal PInputEvent event;\n\n\t\tCanvasAction(String name, ~name~ canvas, PInputEvent event) {\n\t\t\tsuper(name);\n\t\t\tthis.canvas = canvas;\n\t\t\tthis.event = event;\n\t\t}\n\n\t\t@Override\n\t\tpublic void actionPerformed(ActionEvent e) {\n\t\t\tactionPerformed(canvas, event, e);\n\t\t}\n\n\t\tabstract void actionPerformed(~name~ canvas, PInputEvent event, ActionEvent e);\n\n\t\t~canvasActionmethods:{it|~it~};separator=\"\\n\\n\"~\n\t}\n\n\t~actions:{it|~it~};separator=\"\\n\\n\"~\n\n\t~methods:{it|~it~};separator=\"\\n\\n\"~\n} ",
    "parameters" : [ {
      "uuid" : "b514df02-1211-4ed2-9d67-64ab945c4b1d",
      "name" : "packageName",
      "type" : "SINGLE",
      "argumentType" : "String"
    }, {
      "uuid" : "1246c710-a206-452f-98f9-93fa1209e7b0",
      "name" : "name",
      "type" : "SINGLE",
      "argumentType" : "String"
    }, {
      "uuid" : "3bae8bdf-2005-4a1c-a5da-a7dae9a3b9d1",
      "name" : "nodeName",
      "type" : "SINGLE",
      "argumentType" : "Object"
    }, {
      "uuid" : "50b05f54-c70a-4fcc-b45c-e313b34846e2",
      "name" : "relationName",
      "type" : "SINGLE",
      "argumentType" : "Object"
    }, {
      "uuid" : "8c998776-1a8d-4f3c-a09e-42a83132d0aa",
      "name" : "fields",
      "type" : "KVLIST",
      "argumentType" : "Object",
      "keys" : [ {
        "uuid" : "541ccd14-3116-435f-80ec-3069c88e55ef",
        "name" : "type",
        "argumentType" : "Object"
      }, {
        "uuid" : "70c9132a-cb4d-4438-99e5-397188e3070d",
        "name" : "name",
        "argumentType" : "Object"
      } ]
    }, {
      "uuid" : "1bb60d9f-3089-499e-ada8-718dcba999e5",
      "name" : "constructorStatements",
      "type" : "LIST",
      "argumentType" : "Object"
    }, {
      "uuid" : "ce00b968-d9d1-453b-8b94-4ae711507d29",
      "name" : "nodeAddedStatements",
      "type" : "LIST",
      "argumentType" : "Object"
    }, {
      "uuid" : "527fae74-39a7-4887-a170-7877839670cf",
      "name" : "onRightClick",
      "type" : "KVLIST",
      "argumentType" : "Object",
      "keys" : [ {
        "uuid" : "7f7fd7a5-48fb-4cee-919e-49dfaa82e7bb",
        "name" : "name",
        "argumentType" : "Object"
      } ]
    }, {
      "uuid" : "be0c551e-fc8e-4c0b-ad3a-41197de88b13",
      "name" : "onKeyPressed",
      "type" : "KVLIST",
      "argumentType" : "Object",
      "keys" : [ {
        "uuid" : "6f3f1a0c-dc63-4521-89bf-aaed92344d23",
        "name" : "key",
        "argumentType" : "Object"
      }, {
        "uuid" : "57e2b017-6609-4b97-9eca-81fe0b38e4bd",
        "name" : "name",
        "argumentType" : "Object"
      } ]
    }, {
      "uuid" : "3530e12c-156a-4c72-b254-880ab7fa5933",
      "name" : "canvasActionmethods",
      "type" : "LIST",
      "argumentType" : "Object"
    }, {
      "uuid" : "b5482974-977c-40c3-b3b5-44d3d5167b8b",
      "name" : "actions",
      "type" : "LIST",
      "argumentType" : "Object"
    }, {
      "uuid" : "683be4b8-8b44-46ed-925e-8157268f3207",
      "name" : "methods",
      "type" : "LIST",
      "argumentType" : "Object"
    } ],
    "children" : [ {
      "uuid" : "66e358f8-bccc-4bd2-b61f-1b4b523f3556",
      "name" : "CanvasInputEventsHandler",
      "text" : "private final class CanvasInputEventsHandler extends PBasicInputEventHandler {\n\n\t@Override\n\tpublic void mouseEntered(PInputEvent event) {\n\t\tif (!this.equals(event.getInputManager().getKeyboardFocus())) {\n\t\t\tevent.getInputManager().setKeyboardFocus(this);\n\t\t\trequestFocusInWindow();\n\t\t}\n\t}\n\n\t@Override\n\tpublic void mouseExited(PInputEvent event) {\n\t\tevent.getInputManager().setKeyboardFocus(null);\n\t}\n\n\t@Override\n\tpublic void mouseClicked(PInputEvent event) {\n\t\tremoveInputEventListener(selectEventHandler);\n\t\tif (!this.equals(event.getInputManager().getKeyboardFocus())) event.getInputManager().setKeyboardFocus(this);\n\t\tif (event.isRightMouseButton()) {\n\t\t\tSwingUtilities.invokeLater(() -> {\n\t\t\t\tfinal JPopupMenu pop = new JPopupMenu();\n\t\t\t\t~canvasName~.this.setCursor(Cursor.getPredefinedCursor(Cursor.WAIT_CURSOR));\n\t\t\t\tonCanvasRightClick(pop, event);\n\t\t\t\t~canvasName~.this.setCursor(Cursor.getPredefinedCursor(Cursor.DEFAULT_CURSOR));\n\t\t\t\tpop.show(~canvasName~.this, (int) event.getCanvasPosition().getX(), (int) event.getCanvasPosition().getY());\n\t\t\t});\n\t\t} else if (event.isLeftMouseButton()) SwingUtilities.invokeLater(() -> onCanvasLeftClick(event));\n\t}\n\n\t@Override\n\tpublic void keyPressed(PInputEvent event) {\n\t\tif (event.isControlDown()) {\n\t\t\tremoveInputEventListener(selectEventHandler);\n\t\t\taddInputEventListener(selectEventHandler.init(event));\n\t\t} else {\n\t\t\tonCanvasKeyPressed(event);\n\t\t}\n\t}\n\n\t@Override\n\tpublic void keyReleased(PInputEvent event) {\n\t\tif (event.getKeyCode() == KeyEvent.VK_CONTROL) removeInputEventListener(selectEventHandler.end());\n\t}\n\n\t@Override\n\tpublic void mouseMoved(PInputEvent event) {\n\t\tif (!event.isControlDown()) removeInputEventListener(selectEventHandler.end());\n\t\tinvalidate();\n\t\trepaint();\n\t}\n} ",
      "parameters" : [ {
        "uuid" : "347a4001-d55e-44b6-803d-e050a1625b39",
        "name" : "canvasName",
        "type" : "SINGLE",
        "argumentType" : "Object"
      } ]
    }, {
      "uuid" : "f326c59a-923f-4c04-82d1-44d1c04d7c31",
      "name" : "SelectEventsHandler",
      "text" : "private final class SelectEventsHandler extends PBasicInputEventHandler {\n\n\tprivate PPath selectionRectangle;\n\tprivate boolean isDragging = true;\n\tprivate double startX;\n\tprivate double startY;\n\n\tPInputEventListener init(PInputEvent event) {\n\t\tisDragging = event.isControlDown();\n\t\tif (selectionRectangle != null) nodeLayer.removeChild(selectionRectangle);\n\t\tstartX = getCamera().localToView(event.getCanvasPosition()).getX();\n\t\tstartY = getCamera().localToView(event.getCanvasPosition()).getY();\n\t\tselectionRectangle = PPath.createRectangle(startX, startY, 1, 1);\n\t\tselectionRectangle.setTransparency(.5f);\n\t\tnodeLayer.addChild(selectionRectangle);\n\t\treturn this;\n\t}\n\n\t@Override\n\tpublic void mouseMoved(PInputEvent event) {\n\t\tif (isDragging) {\n\t\t\tfinal double eventX = getCamera().localToView(event.getCanvasPosition()).getX();\n\t\t\tfinal double eventY = getCamera().localToView(event.getCanvasPosition()).getY();\n\t\t\tfinal boolean left = eventX < startX;\n\t\t\tselectionRectangle.setX(left ? eventX : startX);\n\t\t\tselectionRectangle.setWidth(left ? (startX - eventX) : (eventX - startX));\n\t\t\tfinal boolean top = eventY < startY;\n\t\t\tselectionRectangle.setY(top ? eventY : startY);\n\t\t\tselectionRectangle.setHeight(top ? (startY - eventY) : (eventY - startY));\n\t\t\tfinal PBounds fullBounds = selectionRectangle.getFullBounds();\n\t\t\tSwingUtilities.invokeLater(() -> getAllNodes()\n\t\t\t\t.filter(node -> !node.isSelected())\n\t\t\t\t.forEach(node -> {\n\t\t\t\t\tif (fullBounds.contains(node.getFullBounds())) node.select();\n\t\t\t\t}));\n\t\t}\n\t}\n\n\tpublic PInputEventListener end() {\n\t\tisDragging = false;\n\t\tif (selectionRectangle != null) nodeLayer.removeChild(selectionRectangle);\n\t\treturn this;\n\t}\n} ",
      "parameters" : [ ]
    }, {
      "uuid" : "e82fff27-11f5-4e13-b7d9-dc415ea69cd5",
      "name" : "CanvasZoomHandler",
      "text" : "private static class CanvasZoomHandler extends PBasicInputEventHandler {\n\n\tfinal private static double maxZoomScale = 2.0d;\n\tfinal private static double minZomScale = 0.025d;\n\tprivate double scaleFactor = 0.05d;\n\n\tCanvasZoomHandler() {\n\t\tsuper();\n\t\tfinal PInputEventFilter eventFilter = new PInputEventFilter();\n\t\teventFilter.rejectAllEventTypes();\n\t\teventFilter.setAcceptsMouseWheelRotated(true);\n\t\tsetEventFilter(eventFilter);\n\t}\n\n\tpublic void mouseWheelRotated(final PInputEvent event) {\n\t\tfinal PCamera camera = event.getCamera();\n\t\tif ((camera.getViewScale() < minZomScale && event.getWheelRotation() < 0) || (camera.getViewScale() > maxZoomScale && event.getWheelRotation() > 0)) return;\n\t\tfinal double scale = 1.0d + event.getWheelRotation() * scaleFactor;\n\t\tfinal java.awt.geom.Point2D viewAboutPoint = event.getPosition();\n\t\tcamera.scaleViewAboutPoint(scale, viewAboutPoint.getX(), viewAboutPoint.getY());\n\t}\n} ",
      "parameters" : [ ]
    }, {
      "uuid" : "0e38786d-2d21-4b7b-ac9a-7970e27902fe",
      "name" : "CanvasAction",
      "text" : "private static final class ~name~ extends CanvasAction {\n\n\t~fields:{it|private ~it.type~ ~it.name~;};separator=\"\\n\"~\n\t\n\t~name~(~canvasName~ canvas, PInputEvent event) {\n\t\tsuper(\"~title~\", canvas, event);\n\t\t~fields:{it|this.~it.name~ = ~it.value~;};separator=\"\\n\"~\n\t}\n\n\t@Override\n\tvoid actionPerformed(~canvasName~ canvas, PInputEvent event, ActionEvent e) {\n\t\t~statements:{it|~it~};separator=\"\\n\"~\n\t}\n} ",
      "parameters" : [ {
        "uuid" : "468851ba-8293-42ad-831b-cae9ac579e8d",
        "name" : "name",
        "type" : "SINGLE",
        "argumentType" : "Object"
      }, {
        "uuid" : "00aa76f9-51e7-4aba-947c-ff5dd14611ea",
        "name" : "fields",
        "type" : "KVLIST",
        "argumentType" : "Object",
        "keys" : [ {
          "uuid" : "1d4d475e-9158-4679-b0fb-a76ad191abd6",
          "name" : "type",
          "argumentType" : "Object"
        }, {
          "uuid" : "cdae4368-df66-40a9-b9c3-319ed3e6b3b7",
          "name" : "name",
          "argumentType" : "Object"
        }, {
          "uuid" : "9d02e508-814c-4012-a883-4722c009ac67",
          "name" : "value",
          "argumentType" : "Object"
        } ]
      }, {
        "uuid" : "ddb88608-8cc1-4fae-98bc-8537e642cee2",
        "name" : "canvasName",
        "type" : "SINGLE",
        "argumentType" : "Object"
      }, {
        "uuid" : "2be45b15-e539-4dd4-a62d-546e9804a3a3",
        "name" : "title",
        "type" : "SINGLE",
        "argumentType" : "Object"
      }, {
        "uuid" : "150b43b6-aacd-49ca-8b29-76cd40108d56",
        "name" : "statements",
        "type" : "LIST",
        "argumentType" : "Object"
      } ],
      "children" : [ {
        "uuid" : "8e66c71a-f89e-4f2e-b5ea-219321c4760d",
        "name" : "LayoutVerticallyAction",
        "text" : "private static final class ~name~ extends CanvasAction {\n\n\tprivate final Point position;\n\tprivate final int heightPadding = 20;\n\n\t~name~(~canvasName~ canvas, PInputEvent event) {\n\t\tsuper(\"Layout selected nodes vertically\", canvas, event);\n\t\tthis.position = canvas.getCurrentMousePosition();\n\t}\n\n\t@Override\n\tvoid actionPerformed(~canvasName~ canvas, PInputEvent event, ActionEvent e) {\n\n\t\tSwingUtilities.invokeLater(() -> canvas.getSelectedNodes().forEach(new Consumer<~nodeType~>() {\n\n\t\t\tdouble x = position.getX();\n\t\t\tdouble y = position.getY();\n\t\t\tdouble height = -1d;\n\n\t\t\t@Override\n\t\t\tpublic void accept(~nodeType~ abstractNode) {\n\t\t\t\tif (height == -1) {\n\t\t\t\t\tabstractNode.setOffset(x, y);\n\t\t\t\t\theight = abstractNode.getHeight();\n\t\t\t\t} else {\n\t\t\t\t\ty += height + heightPadding;\n\t\t\t\t\tabstractNode.setOffset(x, y);\n\t\t\t\t\theight = abstractNode.getHeight();\n\t\t\t\t}\n\t\t\t}\n\t\t}));\n\t}\n} ",
        "parameters" : [ {
          "uuid" : "b3da8814-f459-4afe-abd9-2423f6160de0",
          "name" : "name",
          "type" : "SINGLE",
          "argumentType" : "Object"
        }, {
          "uuid" : "77e9ac22-b1db-4529-be3c-ce2681080150",
          "name" : "canvasName",
          "type" : "SINGLE",
          "argumentType" : "Object"
        }, {
          "uuid" : "388d4569-a068-40bc-8ea2-08a69fa7f650",
          "name" : "nodeType",
          "type" : "SINGLE",
          "argumentType" : "Object"
        } ]
      } ]
    } ]
  }, {
    "uuid" : "e9567ba2-5007-4a88-b09c-902314e5d742",
    "name" : "PNode",
    "text" : "package ~packageName~;\n\nimport org.piccolo2d.PNode;\nimport org.piccolo2d.event.PDragSequenceEventHandler;\nimport org.piccolo2d.event.PInputEvent;\nimport org.piccolo2d.nodes.PPath;\nimport org.piccolo2d.nodes.PText;\nimport org.piccolo2d.util.PBounds;\n\nimport javax.swing.*;\nimport java.awt.*;\nimport java.awt.event.ActionEvent;\nimport java.beans.PropertyChangeEvent;\nimport java.beans.PropertyChangeListener;\nimport java.util.*;\n\nimport static java.awt.event.KeyEvent.*;\n\npublic class ~name~ extends PNode implements PropertyChangeListener {\n\n\tprotected final static org.slf4j.Logger log = org.slf4j.LoggerFactory.getLogger(~name~.class);\n\n\tprotected enum Attributes {\n\t\t_defaultColor, _selectedColor, _highlightedColor, _uuid, _text, _selected, _highlight\n\t}\n\n\tprotected final ~canvasName~ canvas;\n\tprotected final PText child;\n\n\tprivate PPath rectangle;\n\n\tprotected final Set<UUID> outgoing = new LinkedHashSet<>();\n\tprotected final Set<UUID> incoming = new LinkedHashSet<>();\n\n\tpublic ~name~(~canvasName~ canvas, String text) {\n\t\tthis(canvas, text, UUID.randomUUID());\n\t}\n\t\n\tpublic ~name~(~canvasName~ canvas, String text, UUID uuid) {\n\t\tthis.canvas = canvas;\n\n\t\tthis.addAttribute(Attributes._defaultColor, UIManager.getColor(\"TextField.foreground\"));\n\t\tthis.addAttribute(Attributes._selectedColor, Color.decode(\"#2b8cbe\"));\n\t\tthis.addAttribute(Attributes._highlightedColor, Color.decode(\"#e66101\"));\n\t\tthis.addAttribute(\"_rectangleColor\", new Color(253, 141, 60, 50));\n\t\tthis.addAttribute(Attributes._uuid, uuid);\n\t\tthis.addAttribute(Attributes._text, text);\n\t\tthis.child = new PText(text == null || text.trim().length() == 0 ? getUuid().toString() : text);\n\n\t\tfinal NodeInputEventHandler nodeInputEventHandler = new NodeInputEventHandler();\n\t\tnodeInputEventHandler.getEventFilter().setMarksAcceptedEventsAsHandled(true);\n\t\taddInputEventListener(nodeInputEventHandler);\n\t\taddInputEventListener(canvas.canvasZoomHandler);\n\n\t\tthis.addChild(this.child);\n\n\t\t// org.greenrobot.eventbus.EventBus.getDefault().register(this);\n\t}\n\n\tpublic void addedToCanvas() {\n\t\t\n\t}\n\n\tpublic void newNodeAdded(~name~ node) {\n\t\t\n\t}\n\t\n\t@Override\n\tpublic double getHeight() {\n\t\treturn child.getHeight();\n\t}\n\n\t@Override\n\tpublic double getWidth() {\n\t\treturn child.getWidth();\n\t}\n\n\t@Override\n\tpublic String toString() {\n\t\treturn getUuid() + \" \" + getText();\n\t}\n\n\t@Override\n\tpublic boolean equals(Object o) {\n\t\tif (this == o) return true;\n\t\tif (o == null || getClass() != o.getClass()) return false;\n\n\t\t~name~ other = (~name~) o;\n\n\t\treturn getUuid().equals(other.getUuid());\n\t}\n\n\t@Override\n\tpublic int hashCode() {\n\t\treturn getUuid().hashCode();\n\t}\n\n\tpublic UUID getUuid() {\n\t\treturn (UUID) getAttribute(Attributes._uuid);\n\t}\n\n\tpublic String getText() {\n\t\treturn (String) getAttribute(Attributes._text);\n\t}\n\n\tpublic void setText(String text) {\n\t\taddAttribute(Attributes._text, text == null || text.trim().length() == 0 ? getUuid().toString() : text);\n\t\tchild.setText(getText());\n\t\trefresh();\n\t}\n\t\n\tpublic void refresh() {\n\t\tSwingUtilities.invokeLater(() -> {\n\t\t\tsetPaintInvalid(true);\n\t\t\trepaint();\n\t\t});\n\t}\n\n\tpublic void addOutgoingRelation(UUID relation) {\n\t\tthis.outgoing.add(relation);\n\t}\n\n\tpublic void addIncomingRelation(UUID relation) {\n\t\tthis.incoming.add(relation);\n\t}\n\n\tpublic java.util.stream.Stream<UUID> outgoing() {\n\t\treturn this.outgoing.stream();\n\t}\n\n\tpublic java.util.stream.Stream<UUID> incoming() {\n\t\treturn this.incoming.stream();\n\t}\n\n\tpublic void unselect() {\n\t\taddAttribute(Attributes._selected, Boolean.FALSE);\n\t\tSwingUtilities.invokeLater(() -> child.setTextPaint((Color) getAttribute(Attributes._defaultColor)));\n\t}\n\n\tpublic void select() {\n\t\taddAttribute(Attributes._selected, Boolean.TRUE);\n\t\tSwingUtilities.invokeLater(() -> child.setTextPaint((Color) getAttribute(Attributes._selectedColor)));\n\t}\n\n\tpublic boolean isSelected() {\n\t\treturn getBooleanAttribute(Attributes._selected, false);\n\t}\n\n\tpublic void unhighlight() {\n\t\taddAttribute(Attributes._highlight, Boolean.FALSE);\n\t\tSwingUtilities.invokeLater(() -> {\n\t\t\tchild.setTextPaint(isSelected() ? (Color) getAttribute(Attributes._selectedColor) : (Color) getAttribute(Attributes._defaultColor));\n\t\t\tif (rectangle != null) ~name~.this.removeChild(rectangle);\t\n\t\t});\n\t}\n\n\tpublic void highlight() {\n\t\taddAttribute(Attributes._highlight, Boolean.TRUE);\n\t\tSwingUtilities.invokeLater(() -> {\n\t\t\tfinal PBounds fullBounds = child.getFullBoundsReference();\n\t\t\trectangle = PPath.createRectangle(fullBounds.getX(), fullBounds.getY(), fullBounds.getWidth(), fullBounds.getHeight());\n\t\t\tfinal Color green = new Color(0, 255, 0, 50);\n\t\t\trectangle.setPaint(green);\n\t\t\trectangle.setStroke(new BasicStroke());\n\t\t\t~name~.this.addChild(rectangle);\n\n\t\t\tchild.setTextPaint((Color) getAttribute(Attributes._highlightedColor));\n\t\t});\n\t}\n\n\tpublic void close() {\n\t\tSwingUtilities.invokeLater(() -> {\n\t\t\tfor (UUID uuid : incoming) canvas.removeRelation(uuid);\n\t\t\tfor (UUID uuid : outgoing) canvas.removeRelation(uuid);\n\t\t\t//org.greenrobot.eventbus.EventBus.getDefault().unregister(~name~.this);\n\t\t\tcanvas.removeNode(getUuid());\t\t\t\n\t\t});\n\t}\n\n\tprotected void onNodeKeyPressed(PInputEvent event) {\n~if(onKeyPressed)~\n\t\tswitch (event.getKeyCode()) {\n\t\t\t~onKeyPressed:{it|\ncase VK_~it.key~:\n\tnew ~it.name~(this, canvas, event).actionPerformed(null);\n\tbreak;\n};separator=\"\\n\"~\n\t\t}\n~endif~\n\t}\n\n\tprotected void onNodeLeftClick(PInputEvent event) {\n\t\tif (isSelected()) unselect();\n\t\telse select();\n\t}\n\n\tprotected void onNodeRightClick(PInputEvent event, JPopupMenu pop) {\n\n\t\t~onRightClick:{it|~if(it.isSeparator)~pop.addSeparator()~else~pop.add(new ~it.name~(this, canvas, event))~endif~;};separator=\"\\n\"~\n\t\t\n\t}\n\n\t@Override\n\tpublic void propertyChange(PropertyChangeEvent evt) {\n\t\t\n\t}\n\t\n\t~PNodeInputEventHandler()~\t\n\n\tstatic abstract class NodeAction<N extends ~name~> extends AbstractAction {\n\n\t\tfinal N node;\n\t\tfinal ~canvasName~ canvas;\n\t\tfinal PInputEvent event;\n\t\n\t\tNodeAction(String name, N node, ~canvasName~ canvas, PInputEvent event) {\n\t\t\tsuper(name);\n\t\t\tthis.node = node;\n\t\t\tthis.canvas = canvas;\n\t\t\tthis.event = event;\n\t\t}\n\n\t\tprotected void setName(String name) {\n\t\t\tputValue(Action.NAME, name);\n\t\t}\n        \n\t\t@Override\n\t\tpublic void actionPerformed(ActionEvent e) {\n\t\t\tactionPerformed(node, canvas, event, e);\n\t\t}\n\t\n\t\tabstract void actionPerformed(N node, ~canvasName~ canvas, PInputEvent event, ActionEvent e);\n\n\t\t~nodeActionmethods:{it|~it~};separator=\"\\n\\n\"~\n\t}\n\t\n\t~actions:{it|~it~};separator=\"\\n\\n\"~\n\n\t~methods:{it|~it~};separator=\"\\n\\n\"~\n} ",
    "parameters" : [ {
      "uuid" : "d921bc93-f006-4513-9436-79e0e8e24934",
      "name" : "packageName",
      "type" : "SINGLE",
      "argumentType" : "String"
    }, {
      "uuid" : "b2f48db7-17f6-4ed5-88fa-d7ecf2575690",
      "name" : "name",
      "type" : "SINGLE",
      "argumentType" : "String"
    }, {
      "uuid" : "f99d7b3a-5b4a-4500-99ab-2d597c7ffb31",
      "name" : "canvasName",
      "type" : "SINGLE",
      "argumentType" : "String"
    }, {
      "uuid" : "5b9cdea5-7da7-49d4-98a8-4f9a479f671e",
      "name" : "onKeyPressed",
      "type" : "KVLIST",
      "argumentType" : "Object",
      "keys" : [ {
        "uuid" : "946f2e1e-c9aa-4511-ad8c-4e461b2d7396",
        "name" : "key",
        "argumentType" : "Object"
      }, {
        "uuid" : "53091fe4-9f8d-4716-b5dc-e2de5cb55892",
        "name" : "name",
        "argumentType" : "Object"
      } ]
    }, {
      "uuid" : "68dd9bb8-1564-42ca-99c5-858808404dab",
      "name" : "onRightClick",
      "type" : "KVLIST",
      "argumentType" : "Object",
      "keys" : [ {
        "uuid" : "1600f1ac-3bdd-41cf-b356-88686b27049e",
        "name" : "name",
        "argumentType" : "Object"
      }, {
        "uuid" : "f894433a-92d5-431a-9dc7-933ec68ff034",
        "name" : "isSeparator",
        "argumentType" : "Boolean"
      } ]
    }, {
      "uuid" : "81e37ab1-7afc-42f8-a283-edfc35205c94",
      "name" : "nodeActionmethods",
      "type" : "LIST",
      "argumentType" : "Object"
    }, {
      "uuid" : "a5e1b98e-c831-4f3e-bf02-870da62f7993",
      "name" : "actions",
      "type" : "LIST",
      "argumentType" : "Object"
    }, {
      "uuid" : "2b966c41-9828-48cf-8274-b614525eecc3",
      "name" : "methods",
      "type" : "LIST",
      "argumentType" : "Object"
    } ],
    "children" : [ {
      "uuid" : "581565c0-7ad4-464f-a76a-06bf1980f33f",
      "name" : "PNodeInputEventHandler",
      "text" : "private final class NodeInputEventHandler extends PDragSequenceEventHandler {\n\n\t@Override\n\tfinal protected void startDrag(PInputEvent event) {\n\t\tsuper.startDrag(event);\n\t}\n\n\t@Override\n\tfinal protected void drag(PInputEvent event) {\n\t\tsuper.drag(event);\n\t\ttranslate(event.getDelta().width, event.getDelta().height);\n\t}\n\n\t@Override\n\tfinal protected void endDrag(PInputEvent event) {\n\t\tsuper.endDrag(event);\n\t}\n\n\t@Override\n\tfinal protected boolean shouldStartDragInteraction(PInputEvent event) {\n\t\treturn super.shouldStartDragInteraction(event);\n\t}\n\n\t@Override\n\tpublic void mouseEntered(PInputEvent event) {\n\t\tif (!event.isControlDown()) \n\t\t\tevent.getInputManager().setKeyboardFocus(this);\n\t\thighlight();\n\t}\n\n\t@Override\n\tpublic void mouseExited(PInputEvent event) {\n\t\tunhighlight();\n\t\tif (!event.isControlDown()) \n\t\t\tevent.getInputManager().setKeyboardFocus(canvas);\n\t}\n\n\t@Override\n\tpublic void mouseClicked(PInputEvent event) {\n\t\tif (event.isRightMouseButton()) {\n\t\t\tfinal JPopupMenu pop = new JPopupMenu();\n\t\t\tcanvas.setCursor(Cursor.getPredefinedCursor(Cursor.WAIT_CURSOR));\n\t\t\tonNodeRightClick(event, pop);\n\t\t\tcanvas.setCursor(Cursor.getPredefinedCursor(Cursor.DEFAULT_CURSOR));\n\t\t\tpop.show(canvas, (int) event.getCanvasPosition().getX(), (int) event.getCanvasPosition().getY());\n\t\t} else if (event.isLeftMouseButton()) {\n\t\t\tSwingUtilities.invokeLater(() -> onNodeLeftClick(event));\n\t\t}\n\t}\n\n\t@Override\n\tpublic void keyPressed(PInputEvent event) {\n\t\tonNodeKeyPressed(event);\n\t}\n} ",
      "parameters" : [ ]
    }, {
      "uuid" : "6d808c89-9fcd-4a47-99c9-519afb19a83f",
      "name" : "NodeAction",
      "text" : "private static final class ~name~ extends NodeAction<~nodeType~> {\n\n\t~fields:{it|~it.type~ ~it.name~;};separator=\"\\n\"~\n\t\n\t~name~(~if(title)~~else~String name, ~endif~~nodeType~ node, ~canvasName~ canvas, PInputEvent event~if(fields)~, ~endif~~fields:{it|~it.type~ ~it.name~};separator=\", \"~) {\n\t\tsuper(~if(title)~\"~title~\"~else~name~endif~, node, canvas, event);\n\t\t~fields:{it|this.~it.name~ = ~it.name~;};separator=\"\\n\"~\n\t\t~constructorStatements:{it|~it~};separator=\"\\n\"~\n\t}\n\n\t@Override\n\tvoid actionPerformed(~nodeType~ node, ~canvasName~ canvas, PInputEvent event, ActionEvent e) {\n\t\t~statements:{it|~it~};separator=\"\\n\"~\n\t}\n} ",
      "parameters" : [ {
        "uuid" : "6c421274-0193-48a6-bd9f-ddc3fc84cc61",
        "name" : "name",
        "type" : "SINGLE",
        "argumentType" : "Object"
      }, {
        "uuid" : "bc28b7ce-fb74-400e-b2ae-a05ee657228f",
        "name" : "nodeType",
        "type" : "SINGLE",
        "argumentType" : "Object"
      }, {
        "uuid" : "1adac13d-2206-4932-86ac-9cc6f5faea94",
        "name" : "fields",
        "type" : "KVLIST",
        "argumentType" : "Object",
        "keys" : [ {
          "uuid" : "0275a919-fb4c-4dbe-bde2-6eac6acd3114",
          "name" : "type",
          "argumentType" : "Object"
        }, {
          "uuid" : "a8647d27-a490-40b8-b508-ee51fb2fb158",
          "name" : "name",
          "argumentType" : "Object"
        } ]
      }, {
        "uuid" : "16760a5d-f4c7-4bc5-af73-58d4b431d7c7",
        "name" : "title",
        "type" : "SINGLE",
        "argumentType" : "Object"
      }, {
        "uuid" : "dd0df0f6-7ddf-49bf-ad74-5e7dcd065504",
        "name" : "canvasName",
        "type" : "SINGLE",
        "argumentType" : "Object"
      }, {
        "uuid" : "a2e4c6c1-d2a8-43b6-8ebb-ab2833365895",
        "name" : "constructorStatements",
        "type" : "LIST",
        "argumentType" : "Object"
      }, {
        "uuid" : "903adfad-09d5-4ba3-9ef4-7f73ccbb6dc0",
        "name" : "statements",
        "type" : "LIST",
        "argumentType" : "Object"
      } ],
      "children" : [ {
        "uuid" : "d393fbe8-2dfb-43d4-b454-7197f760593c",
        "name" : "LayoutTreeAction",
        "text" : "protected static final class ~name~ extends NodeAction<~nodeType~> {\n\n\tprivate final Map<UUID, ~nodeType~> parentsMap = new LinkedHashMap<>();\n\tprivate final Map<UUID, java.util.List<~nodeType~~gt()~> childrensMap = new LinkedHashMap<>();\n\tprivate final org.abego.treelayout.util.DefaultConfiguration<~nodeType~> configuration;\n\t\n\tprotected ~name~(~nodeType~ root, ~canvasName~ canvas, PInputEvent event) {\n\t\tthis(root, canvas, event, org.abego.treelayout.Configuration.Location.Left, org.abego.treelayout.Configuration.AlignmentInLevel.TowardsRoot);\n\t}\n\n\tprotected ~name~(~nodeType~ root, ~canvasName~ canvas, PInputEvent event, org.abego.treelayout.Configuration.Location location, org.abego.treelayout.Configuration.AlignmentInLevel alignmentInLevel) {\n\t\tsuper(\"Layout Tree\", root, canvas, event);\n\t\tthis.configuration = new org.abego.treelayout.util.DefaultConfiguration<>(100, 15, location, alignmentInLevel);\n\t}\n\n\t@Override\n\tvoid actionPerformed(~nodeType~ node, ~canvasName~ canvas, PInputEvent event, ActionEvent e) {\n\n\t\tnew Thread(() -> {\n\n\t\t\tfindChildren(node);\n\n\t\t\tfinal org.abego.treelayout.TreeForTreeLayout<~nodeType~> tree = new org.abego.treelayout.util.AbstractTreeForTreeLayout<~nodeType~>(node) {\n\t\t\t\t@Override\n\t\t\t\tpublic ~nodeType~ getParent(~nodeType~ node) {\n\t\t\t\t\treturn parentsMap.get(node.getUuid());\n\t\t\t\t}\n\n\t\t\t\t@Override\n\t\t\t\tpublic java.util.List<~nodeType~> getChildrenList(~nodeType~ node) {\n\t\t\t\t\tif (node == null) return Collections.emptyList();\n\t\t\t\t\treturn childrensMap.get(node.getUuid());\n\t\t\t\t}\n\t\t\t};\n\n\t\t\tfinal org.abego.treelayout.NodeExtentProvider<~nodeType~> nodeExtendProvider = new org.abego.treelayout.NodeExtentProvider<~nodeType~>() {\n\t\t\t\t@Override\n\t\t\t\tpublic double getWidth(~nodeType~ node) {\n\t\t\t\t\treturn node.getFullBounds().getWidth();\n\t\t\t\t}\n\n\t\t\t\t@Override\n\t\t\t\tpublic double getHeight(~nodeType~ node) {\n\t\t\t\t\treturn node.getFullBounds().getHeight();\n\t\t\t\t}\n\t\t\t};\n\n\t\t\tfinal org.abego.treelayout.TreeLayout<~nodeType~> layout = new org.abego.treelayout.TreeLayout<>(tree, nodeExtendProvider, configuration);\n\n\t\t\t// apply coordinate transforms in relation to root-node\n\t\t\tfinal java.awt.geom.Rectangle2D.Double rootBounds = layout.getNodeBounds().get(node);\n\t\t\tfinal double deltaX = node.getFullBounds().getX() - rootBounds.getX();\n\t\t\tfinal double deltaY = node.getFullBounds().getY() - rootBounds.getY();\n\n\t\t\tSwingUtilities.invokeLater(() -> {\n\t\t\t\tfor (Map.Entry<STNode, java.awt.geom.Rectangle2D.Double> nodeBound : layout.getNodeBounds().entrySet()) {\n\t\t\t\t\tif (nodeBound.getKey().equals(node)) continue;\t// root-node is transformation-root\n\t\t\t\t\tnodeBound.getKey().setOffset(nodeBound.getValue().getX() + deltaX, nodeBound.getValue().getY() + deltaY);\n\t\t\t\t}\n\t\t\t});\n\n\t\t}).start();\n\t}\n\n\tprivate void findChildren(~nodeType~ node) {\n\n\t\tif (childrensMap.containsKey(node.getUuid())) return;\n\n\t\tchildrensMap.put(node.getUuid(), new ArrayList<>());\n\n\t\tnode.outgoing()\n\t\t\t\t.filter(canvas.relationMap::containsKey)\n\t\t\t\t.map(uuid -> canvas.relationMap.get(uuid).getDst())\n\t\t\t\t.filter(abstractNode -> !childrensMap.containsKey(abstractNode.getUuid()))\n\t\t\t\t.forEach(abstractNode -> {\n\t\t\t\t\t\tchildrensMap.get(node.getUuid()).add(abstractNode);\n\t\t\t\t\t\tparentsMap.put(abstractNode.getUuid(), node);\n\t\t\t\t});\n\n\t\tchildrensMap.get(node.getUuid()).forEach(this::findChildren);\n\t}\n} ",
        "parameters" : [ {
          "uuid" : "03cc7964-caaa-45fb-942d-0bdc50887fe8",
          "name" : "name",
          "type" : "SINGLE",
          "argumentType" : "Object"
        }, {
          "uuid" : "8bafd27c-0d2c-4aab-bdde-6ac84338629a",
          "name" : "nodeType",
          "type" : "SINGLE",
          "argumentType" : "Object"
        }, {
          "uuid" : "4e2ef48e-451b-48ec-8e5f-b02516a78307",
          "name" : "canvasName",
          "type" : "SINGLE",
          "argumentType" : "Object"
        } ]
      }, {
        "uuid" : "59cbf485-eeea-4bf7-8c6f-c73728a33ff4",
        "name" : "AnonymousPNodeAction",
        "text" : "new STNode.NodeAction<~nodeType~>(~header~, this, canvas, event) {\n\t@Override\n\tvoid actionPerformed(~nodeType~ node, STCanvas canvas, PInputEvent event, ActionEvent e) {\n\t\t~statements:{it|~it~};separator=\"\\n\"~\n\t}\n} ",
        "parameters" : [ {
          "uuid" : "9059d16f-8cf0-4dfa-ba0c-5ae9290e0ec1",
          "name" : "nodeType",
          "type" : "SINGLE",
          "argumentType" : "Object"
        }, {
          "uuid" : "0fc4f85b-266c-4551-88b3-b194265013d6",
          "name" : "header",
          "type" : "SINGLE",
          "argumentType" : "Object"
        }, {
          "uuid" : "b003e062-5a01-4d2a-aa18-480b76650e7d",
          "name" : "statements",
          "type" : "LIST",
          "argumentType" : "Object"
        } ]
      } ]
    }, {
      "uuid" : "ce822f9c-b805-4dbb-abf3-5a4a7e7bf7c0",
      "name" : "PNodeImpl",
      "text" : "package ~packageName~;\n\nimport org.piccolo2d.event.PInputEvent;\n\nimport javax.swing.*;\nimport java.awt.*;\nimport java.awt.event.ActionEvent;\nimport java.util.*;\n\npublic class ~name~ extends ~nodeName~ {\n\n\t~fields:{it|~it.type~ ~it.name~;};separator=\"\\n\"~\n\n\tpublic ~name~(~canvasName~ canvas~if(fields)~, ~fields:{it|~it.type~ ~it.name~};separator=\", \"~~endif~) {\n\t\tsuper(canvas, ~initText~, ~uuidExpression~);\n\t\t~fields:{it|this.~it.name~ = ~it.name~;};separator=\"\\n\"~\n\t\t~constructorStatements:{it|~it~};separator=\"\\n\"~\n\t}\n\t\n~if(overrideSetTextExpression)~\n\t@Override\n\tpublic void setText(String text) {\n\t\tsuper.setText(~overrideSetTextExpression~);\n\t}\n\t\n~endif~\n\t@Override\n\tpublic void addedToCanvas() {\n\t\t~addedToCanvasStatements:{it|~it~};separator=\"\\n\"~\n\t}\n\n\t@Override\n\tpublic void newNodeAdded(~nodeName~ node) {\n\t\t~newNodeAddedStatements:{it|~it~};separator=\"\\n\"~\n\t}\n\n\t@Override\n\tprotected void onNodeRightClick(PInputEvent event, JPopupMenu pop) {\n\t\t~rightClickStatements:{it|~it~};separator=\"\\n\"~\n\t\t~anonymousRightClickActions:{it|pop.add(~it~);};separator=\"\\n\"~\n\t\t~onRightClick:{it|~if(it.isSeparator)~pop.addSeparator()~else~pop.add(new ~it.name~(this, canvas, event))~endif~;};separator=\"\\n\"~\n\t\t~if(onRightClick)~\n\t\tpop.addSeparator();\n\t\t~endif~\n\t\tsuper.onNodeRightClick(event, pop);\n\t}\n\n\t@Override\n\tprotected void onNodeKeyPressed(PInputEvent event) {\n~if(onKeyPressed)~\n\t\tswitch (event.getKeyCode()) {\n\t\t\t~onKeyPressed:{it|\ncase java.awt.event.KeyEvent.VK_~it.key~:\n\tnew ~it.name~(this, canvas, event).actionPerformed(null);\n\treturn;\n};separator=\"\\n\"~\n\t\t}\n~endif~\n\t\tsuper.onNodeKeyPressed(event);\n\t}\n\n\t@Override\n\tprotected void onNodeLeftClick(PInputEvent event) {\n\t\tsuper.onNodeLeftClick(event);\n\t\t~onLeftClick:{it|~it~};separator=\"\\n\"~\n\t}\n\n~if(onPropertyChange)~\n\t@Override\n\tpublic void propertyChange(java.beans.PropertyChangeEvent evt) {\n\t\t~onPropertyChange:{it|~it~};separator=\"\\n\"~\t\n\t}\n~endif~\n\n\t~methods:{it|~it~};separator=\"\\n\\n\"~\n\t\n\t~actions:{it|~it~};separator=\"\\n\\n\"~\n} ",
      "parameters" : [ {
        "uuid" : "67cfa6cb-4dbd-4909-93b8-e1aad411d841",
        "name" : "packageName",
        "type" : "SINGLE",
        "argumentType" : "Object"
      }, {
        "uuid" : "64111d31-a156-4c50-aacb-6c89cdd203cc",
        "name" : "name",
        "type" : "SINGLE",
        "argumentType" : "String"
      }, {
        "uuid" : "bd3f424f-f8c1-4fe5-ae2b-fae3caa42e2d",
        "name" : "nodeName",
        "type" : "SINGLE",
        "argumentType" : "Object"
      }, {
        "uuid" : "36a4825a-3ab0-4cf6-9ae5-0b7b781b7431",
        "name" : "fields",
        "type" : "KVLIST",
        "argumentType" : "Object",
        "keys" : [ {
          "uuid" : "f889e32d-5ede-49f6-8ef2-56d9a6fe1d06",
          "name" : "type",
          "argumentType" : "Object"
        }, {
          "uuid" : "c97f4747-6275-424c-9805-25a8c4ffe0d1",
          "name" : "name",
          "argumentType" : "Object"
        } ]
      }, {
        "uuid" : "7d54ad32-b876-487e-945b-4fd373a72ce6",
        "name" : "canvasName",
        "type" : "SINGLE",
        "argumentType" : "Object"
      }, {
        "uuid" : "1520f79c-408a-41fb-91f5-f08e97b816a4",
        "name" : "initText",
        "type" : "SINGLE",
        "argumentType" : "Object"
      }, {
        "uuid" : "876004c0-d0b0-4122-817b-1431b8520c80",
        "name" : "uuidExpression",
        "type" : "SINGLE",
        "argumentType" : "Object"
      }, {
        "uuid" : "3627dbe2-964b-4f28-9804-0580b37ff7fe",
        "name" : "constructorStatements",
        "type" : "LIST",
        "argumentType" : "Object"
      }, {
        "uuid" : "59a1537f-0e17-40c7-8b52-5eb49699e3cc",
        "name" : "overrideSetTextExpression",
        "type" : "SINGLE",
        "argumentType" : "Object"
      }, {
        "uuid" : "6f7149c1-35ab-442f-be4b-ba79f5b7f539",
        "name" : "addedToCanvasStatements",
        "type" : "LIST",
        "argumentType" : "Object"
      }, {
        "uuid" : "b21b15b6-ef2a-41f5-9b10-276c95669eba",
        "name" : "newNodeAddedStatements",
        "type" : "LIST",
        "argumentType" : "Object"
      }, {
        "uuid" : "2492a620-f91b-41d4-8628-74e659109990",
        "name" : "rightClickStatements",
        "type" : "LIST",
        "argumentType" : "Object"
      }, {
        "uuid" : "454cc20b-f814-4931-981c-601d7cd0ca34",
        "name" : "anonymousRightClickActions",
        "type" : "LIST",
        "argumentType" : "Object"
      }, {
        "uuid" : "79ead8c8-6fb7-47bf-907b-3a1541390ec8",
        "name" : "onRightClick",
        "type" : "KVLIST",
        "argumentType" : "Object",
        "keys" : [ {
          "uuid" : "231b6848-3ff6-4d33-96c8-58dd775bcf43",
          "name" : "name",
          "argumentType" : "Object"
        }, {
          "uuid" : "fcd910fe-6293-48f1-89c9-7f23f18071f3",
          "name" : "isSeparator",
          "argumentType" : "Object"
        } ]
      }, {
        "uuid" : "68b5bf7d-51e8-45a9-ac2a-f0aeb7bba0eb",
        "name" : "onKeyPressed",
        "type" : "KVLIST",
        "argumentType" : "Object",
        "keys" : [ {
          "uuid" : "bcb98896-d754-474c-aa69-6b6fa908bb21",
          "name" : "key",
          "argumentType" : "Object"
        }, {
          "uuid" : "6a53a8f1-dcd0-4f2b-be21-1cc45ca77226",
          "name" : "name",
          "argumentType" : "Object"
        } ]
      }, {
        "uuid" : "994cb5b3-562e-4103-b14d-99b345bd6c9c",
        "name" : "onLeftClick",
        "type" : "LIST",
        "argumentType" : "Object"
      }, {
        "uuid" : "ff3618b6-4b34-4361-84d7-5b0209e599f2",
        "name" : "onPropertyChange",
        "type" : "LIST",
        "argumentType" : "Object"
      }, {
        "uuid" : "719835ef-91e0-4e5b-b74e-c9f6dedcc146",
        "name" : "methods",
        "type" : "LIST",
        "argumentType" : "Object"
      }, {
        "uuid" : "5aff081b-ad84-496e-93a0-1e51447734ef",
        "name" : "actions",
        "type" : "LIST",
        "argumentType" : "Object"
      } ],
      "children" : [ {
        "uuid" : "e6b57149-c223-482e-a27c-f94bf7d19f3d",
        "name" : "nodeMethod",
        "text" : "public ~if(isStatic)~static ~endif~~if(type)~~type~~else~void~endif~ ~name~(~params:{it|~it.type~ ~it.name~};separator=\",\"~) {\n\t~statements:{it|~it~};separator=\"\\n\"~~if(returnStatement)~\n\treturn ~returnStatement~~endif~\n\t\n} ",
        "parameters" : [ {
          "uuid" : "d0f41416-bbc4-46ca-949b-b05df9bee60e",
          "name" : "isStatic",
          "type" : "SINGLE",
          "argumentType" : "Boolean"
        }, {
          "uuid" : "2b549848-0f7e-49ef-83ec-82e51d415aa0",
          "name" : "type",
          "type" : "SINGLE",
          "argumentType" : "Object"
        }, {
          "uuid" : "d6f4f5e6-8b9f-4b0e-b98b-0a33f6e68319",
          "name" : "name",
          "type" : "SINGLE",
          "argumentType" : "Object"
        }, {
          "uuid" : "2208bb33-0df1-42a8-86f0-ec79582b10e8",
          "name" : "params",
          "type" : "KVLIST",
          "argumentType" : "Object",
          "keys" : [ {
            "uuid" : "1313957f-3a41-4f04-96d2-526166dbde0d",
            "name" : "name",
            "argumentType" : "Object"
          }, {
            "uuid" : "9875b946-caa5-4963-8588-0ab27e743754",
            "name" : "type",
            "argumentType" : "Object"
          } ]
        }, {
          "uuid" : "5edd202c-5f1a-4fda-9915-947f43b2c297",
          "name" : "statements",
          "type" : "LIST",
          "argumentType" : "Object"
        }, {
          "uuid" : "91d3a0a8-3f4e-47b0-9a7b-3f88b4d6fcab",
          "name" : "returnStatement",
          "type" : "SINGLE",
          "argumentType" : "Object"
        } ]
      } ]
    } ]
  }, {
    "uuid" : "810651ec-67d4-4301-98d5-5df6eab93d5f",
    "name" : "readme",
    "text" : "http://piccolo2d.org/\n\nPiccolo2D is a toolkit that supports the development of 2D structured graphics programs, in general, and Zoomable User Interfaces (ZUIs), in particular. \nA ZUI is a new kind of interface that presents a huge canvas of information on a traditional computer display by letting the user smoothly zoom in, \nto get more detailed information, and zoom out for an overview.\n\nThere are 3 classes:\n\nPCanvas contains PNode and PRelation instances. \n\tIt displays nodes and relations.\n\tIts zoomable by mouse-scroll.\n\tOne can add right-click actions by adding a CanvasAction.\n\nPNode is a node.\n\tIt displays a label using a PText child.\n\tOne can add right-click actions by adding a NodeAction.\n\nPRelation is a relation between two nodes.\n\tIt displays a label using a PText child.\n\tOne can add right-click actions by adding a RelationAction. ",
    "parameters" : [ ]
  }, {
    "uuid" : "47638220-acab-41b1-abd9-b399988944a9",
    "name" : "PRelation",
    "text" : "package ~packageName~;\n\nimport org.piccolo2d.PNode;\nimport org.piccolo2d.event.PBasicInputEventHandler;\nimport org.piccolo2d.event.PInputEvent;\nimport org.piccolo2d.nodes.PPath;\nimport org.piccolo2d.nodes.PText;\nimport org.piccolo2d.util.PBounds;\n\nimport javax.swing.*;\nimport java.awt.*;\nimport java.awt.event.ActionEvent;\nimport java.awt.geom.AffineTransform;\nimport java.awt.geom.Point2D;\nimport java.beans.PropertyChangeEvent;\nimport java.beans.PropertyChangeListener;\nimport java.util.Comparator;\nimport java.util.UUID;\n\npublic class ~name~ extends PPath.Double implements Comparator<~name~> {\n\n\tprivate final static org.slf4j.Logger log = org.slf4j.LoggerFactory.getLogger(~name~.class);\n\n\tprotected enum Attributes {\n\t\t_defaultColor, _selectedColor, _highlightedColor, _uuid, _text, _selected, _highlight, _order, _type, _src, _dst\n\t}\n\n\tprotected ~canvasName~ canvas;\n\tfinal protected PText child;\n\tprivate final PNodeChangeListener nodeChangeListener = new PNodeChangeListener();\n\n\tpublic ~name~(~canvasName~ canvas, ~nodeName~ src, ~nodeName~ dst, String type, UUID uuid) {\n\t\tthis.canvas = canvas;\n\t\tthis.addAttribute(Attributes._defaultColor, Color.decode(\"#bababa\"));\n\t\tthis.addAttribute(Attributes._selectedColor, Color.decode(\"#b2182b\"));\n\t\tthis.addAttribute(Attributes._highlightedColor, Color.decode(\"#f4a582\"));\n\t\tthis.addAttribute(Attributes._uuid, uuid);\n\t\tthis.addAttribute(Attributes._type, type);\n\t\tthis.addAttribute(Attributes._src, src);\n\t\tthis.addAttribute(Attributes._dst, dst);\n\n\t\tsrc.addOutgoingRelation(getUuid());\n\t\tdst.addIncomingRelation(getUuid());\n\n\t\tthis.child = new PText(type);\n\n\t\tsetPaint((Color) getAttribute(Attributes._defaultColor));\n\t\tchild.setTextPaint((Color) getAttribute(Attributes._defaultColor));\n\n\t\tfinal RelationInputEventHandler relationInputEventHandler = new RelationInputEventHandler();\n\t\trelationInputEventHandler.getEventFilter().setMarksAcceptedEventsAsHandled(true);\n\t\taddInputEventListener(relationInputEventHandler);\n\t\taddInputEventListener(canvas.canvasZoomHandler);\n\n\t\tsrc.addPropertyChangeListener(nodeChangeListener);\n\t\tdst.addPropertyChangeListener(nodeChangeListener);\n\t\taddChild(this.child);\n\n\t\t//org.greenrobot.eventbus.EventBus.getDefault().register(this);\n\t}\n\n\t@Override\n\tpublic String toString() {\n\t\treturn getUuid() + \" \" + getSrc() + \" -> \" + getType() + \" -> \" + getDst();\n\t}\n\n\tpublic void close() {\n\t\tSwingUtilities.invokeLater(() -> {\n\t\t\tlog.info(\"R-\" + getUuid() + \" closed\");\n\t\t\tgetSrc().outgoing.remove(getUuid());\n\t\t\tgetDst().incoming.remove(getUuid());\n\t\t\tgetSrc().removePropertyChangeListener(nodeChangeListener);\n\t\t\tgetDst().removePropertyChangeListener(nodeChangeListener);\n\t\t});\n\t}\n\n\t@Override\n\tpublic boolean equals(Object o) {\n\t\tif (this == o) return true;\n\t\tif (o == null || getClass() != o.getClass()) return false;\n\n\t\t~name~ other = (~name~) o;\n\n\t\treturn getUuid().equals(other.getUuid());\n\t}\n\n\t@Override\n\tpublic int hashCode() {\n\t\treturn getUuid().hashCode();\n\t}\n\n\tpublic UUID getUuid() {\n\t\treturn (UUID) getAttribute(Attributes._uuid);\n\t}\n\n\tpublic String getType() {\n\t\treturn (String) getAttribute(Attributes._type);\n\t}\n\n\tpublic void unselect() {\n\t\taddAttribute(Attributes._selected, Boolean.FALSE);\n\t\tSwingUtilities.invokeLater(() -> updatePath((Color) getAttribute(Attributes._defaultColor)));\n\t}\n\n\tpublic void select() {\n\t\taddAttribute(Attributes._selected, Boolean.TRUE);\n\t\tSwingUtilities.invokeLater(() -> updatePath((Color) getAttribute(Attributes._selectedColor)));\n\t}\n\n\tpublic boolean isSelected() {\n\t\treturn getBooleanAttribute(Attributes._selected, false);\n\t}\n\n\tprotected void unhighlight() {\n\t\taddAttribute(Attributes._highlight, Boolean.FALSE);\n\t\tSwingUtilities.invokeLater(() -> updatePath(isSelected() ? (Color) getAttribute(Attributes._selectedColor) : (Color) getAttribute(Attributes._defaultColor)));\n\t}\n\n\tprotected void highlight() {\n\t\taddAttribute(Attributes._highlight, Boolean.TRUE);\n\t\tSwingUtilities.invokeLater(() -> updatePath((Color) getAttribute(Attributes._highlightedColor)));\n\t}\n\n\tprotected ~nodeName~ getSrc() {\n\t\treturn (~nodeName~) getAttribute(Attributes._src);\n\t}\n\n\tprotected ~nodeName~ getDst() {\n\t\treturn (~nodeName~) getAttribute(Attributes._dst);\n\t}\n\n\tpublic Long getOrder() {\n\t\treturn (Long) getAttribute(Attributes._order);\n\t}\n\n\tprivate void updatePath(Color color) {\n\t\tchild.setTextPaint(color);\n\t\tsetPaint(color);\n\t\tsetStrokePaint(color);\n\t\tsetPaintInvalid(true);\n\t\tvalidateFullPaint();\n\t}\n\n\tprivate void updatePath(~nodeName~ source, ~nodeName~ target) {\n\t\t//log.info(getUuid() + \" updatePath\");\n\t\tfinal PBounds src = source.getFullBoundsReference();\n\t\tfinal PBounds dst = target.getFullBoundsReference();\n\t\tfinal boolean horizontalOverlap = !(src.getMaxX() < dst.getMinX() || src.getMinX() > dst.getMaxX());\n\t\tfinal Point2D.Double startCenterBottom = new Point2D.Double(src.getCenterX(), src.getMaxY());\n\t\tfinal Point2D.Double endCenterTop = new Point2D.Double(dst.getCenterX(), dst.getMinY());\n\t\tfinal Point2D.Double startCenterTop = new Point2D.Double(src.getCenterX(), src.getMinY());\n\t\tfinal Point2D.Double endCenterBottom = new Point2D.Double(dst.getCenterX(), dst.getMaxY());\n\t\tif (src.getCenterX() < dst.getCenterX()) {\n\t\t\tfinal Point2D.Double startRightCenter = new Point2D.Double(src.getMaxX(), src.getCenterY());\n\t\t\tfinal Point2D.Double endRightCenter = new Point2D.Double(dst.getMinX(), dst.getCenterY());\n\t\t\tif (src.getCenterY() < dst.getCenterY()) {\n\t\t\t\tif (!horizontalOverlap) {\n\t\t\t\t\tdrawStraightPath(startRightCenter, endRightCenter);\n\t\t\t\t} else {\n\t\t\t\t\tdrawStraightPath(startCenterBottom, endCenterTop);\n\t\t\t\t}\n\t\t\t} else {\n\t\t\t\tif (!horizontalOverlap) {\n\t\t\t\t\tdrawStraightPath(startRightCenter, endRightCenter);\n\t\t\t\t} else {\n\t\t\t\t\tdrawStraightPath(startCenterTop, endCenterBottom);\n\t\t\t\t}\n\t\t\t}\n\t\t} else {\n\t\t\tfinal Point2D.Double startLeftCenter = new Point2D.Double(src.getMinX(), src.getCenterY());\n\t\t\tfinal Point2D.Double endLeftCenter = new Point2D.Double(dst.getMaxX(), dst.getCenterY());\n\t\t\tif (src.getCenterY() < dst.getCenterY()) {\n\t\t\t\tif (!horizontalOverlap) {\n\t\t\t\t\tdrawStraightPath(startLeftCenter, endLeftCenter);\n\t\t\t\t} else {\n\t\t\t\t\tdrawStraightPath(startCenterBottom, endCenterTop);\n\t\t\t\t}\n\t\t\t} else {\n\t\t\t\tif (!horizontalOverlap) {\n\t\t\t\t\tdrawStraightPath(startLeftCenter, endLeftCenter);\n\t\t\t\t} else {\n\t\t\t\t\tdrawStraightPath(startCenterTop, endCenterBottom);\n\t\t\t\t}\n\t\t\t}\n\t\t}\n\t}\n\n\tprivate void drawStraightPath(Point2D start, Point2D end) {\n\t\treset();\n\t\tsetStrokePaint(child.getTextPaint());\n\t\tmoveTo(start.getX(), start.getY());\n\t\tlineTo(end.getX(), end.getY());\n\t\tchild.setOffset(getBounds().getCenter2D());\n\t\tfinal int ARR_SIZE = 4;\n\t\tfinal double dx = end.getX() - start.getX();\n\t\tfinal double dy = end.getY() - start.getY();\n\t\tfinal double angle = Math.atan2(dy, dx);\n\t\tfinal int len = (int) (Math.sqrt(dx * dx + dy * dy) - 10);\n\t\tfinal AffineTransform at = AffineTransform.getTranslateInstance(start.getX(), start.getY());\n\t\tat.concatenate(AffineTransform.getRotateInstance(angle));\n\t\tappend(new Polygon(new int[]{len,\n\t\t\t\t\tlen - ARR_SIZE,\n\t\t\t\t\tlen - ARR_SIZE,\n\t\t\t\t\tlen}, new int[]{0,\n\t\t\t\t\t-ARR_SIZE,\n\t\t\t\t\tARR_SIZE,\n\t\t\t\t\t0}, 4).getPathIterator(at), false);\n\t\tsetPaintInvalid(true);\n\t\tvalidateFullPaint();\n\t}\n\n\t@Override\n\tpublic int compare(~name~ o1, ~name~ o2) {\n\t\treturn o1.getOrder().compareTo(o2.getOrder());\n\t}\n\n\t~PNodeChangeListener()~\n\n\t~RelationInputEventHandler()~\n\n\tprotected void onRelationRightClick(PInputEvent event, JPopupMenu pop) {\n\t\t~onRightClick:{it|~if(it.isSeparator)~pop.addSeparator()~else~pop.add(new ~it.name~(this, canvas, event))~endif~;};separator=\"\\n\"~\n\t}\n\n\tprotected void onRelationLeftClick(PInputEvent event) {\n\t\tif (isSelected()) unselect();\n\t\telse select();\n\t}\n\n\tprotected void onRelationKeyPressed(PInputEvent event) {\n~if(onKeyPressed)~\n\t\tswitch (event.getKeyCode()) {\n\t\t\t~onKeyPressed:{it|\ncase java.awt.event.KeyEvent.VK_~it.key~:\n\tnew ~it.name~(this, canvas, event).actionPerformed(null);\n\tbreak;\n};separator=\"\\n\"~\n\t\t}\n~endif~\n\t}\n\n\tstatic abstract class RelationAction<N extends ~name~> extends AbstractAction {\n\n\t\tfinal N relation;\n\t\tfinal ~canvasName~ canvas;\n\t\tfinal PInputEvent event;\n\n\t\tRelationAction(String name, N relation, ~canvasName~ canvas, PInputEvent event) {\n\t\t\tsuper(name);\n\t\t\tthis.relation = relation;\n\t\t\tthis.canvas = canvas;\n\t\t\tthis.event = event;\n\t\t}\n\n\t\t@Override\n\t\tpublic void actionPerformed(ActionEvent e) {\n\t\t\tactionPerformed(relation, canvas, event, e);\n\t\t}\n\n\t\tabstract void actionPerformed(N relation, ~canvasName~ canvas, PInputEvent event, ActionEvent e);\n\n\t\t~relationActionmethods:{it|~it~};separator=\"\\n\\n\"~\n\t}\n\n\t~actions:{it|~it~};separator=\"\\n\\n\"~\n\n\t~methods:{it|~it~};separator=\"\\n\\n\"~\n} ",
    "parameters" : [ {
      "uuid" : "916a04f2-1153-47ae-b968-d68cd4d5eec0",
      "name" : "packageName",
      "type" : "SINGLE",
      "argumentType" : "String"
    }, {
      "uuid" : "33d0650b-965e-4760-8f88-621e3718e47f",
      "name" : "name",
      "type" : "SINGLE",
      "argumentType" : "String"
    }, {
      "uuid" : "fcf74404-4b12-47ee-bde7-0d8fac447dae",
      "name" : "canvasName",
      "type" : "SINGLE",
      "argumentType" : "String"
    }, {
      "uuid" : "33e39333-1f32-4ca3-aca4-59b21e007bff",
      "name" : "nodeName",
      "type" : "SINGLE",
      "argumentType" : "String"
    }, {
      "uuid" : "d7975b02-c0c3-47b4-82dd-5cfd3bcf2f67",
      "name" : "onRightClick",
      "type" : "KVLIST",
      "argumentType" : "Object",
      "keys" : [ {
        "uuid" : "79d25abe-c806-4210-a087-32f0e6f86466",
        "name" : "name",
        "argumentType" : "Object"
      }, {
        "uuid" : "bce2cf73-1df4-4c57-9f0c-6c70c356ae4b",
        "name" : "isSeparator",
        "argumentType" : "Object"
      } ]
    }, {
      "uuid" : "b7ad8dd4-3979-4f1d-9944-c04041c8892e",
      "name" : "onKeyPressed",
      "type" : "KVLIST",
      "argumentType" : "Object",
      "keys" : [ {
        "uuid" : "f6f1c5d2-a03c-4116-896d-6e35fa4db87e",
        "name" : "key",
        "argumentType" : "Object"
      }, {
        "uuid" : "28753e07-6d7d-4515-b198-15ae637175fa",
        "name" : "name",
        "argumentType" : "Object"
      } ]
    }, {
      "uuid" : "fffd5f5e-b2fc-4c4d-9c2f-d579a18556f7",
      "name" : "relationActionmethods",
      "type" : "LIST",
      "argumentType" : "Object"
    }, {
      "uuid" : "94756494-e529-4ff1-85a0-78cac75b184f",
      "name" : "actions",
      "type" : "LIST",
      "argumentType" : "Object"
    }, {
      "uuid" : "fff14da5-e425-4825-8f9b-8e9dac47b000",
      "name" : "methods",
      "type" : "LIST",
      "argumentType" : "Object"
    } ],
    "children" : [ {
      "uuid" : "560d1dd0-cf7e-4cf5-bfea-299c5e393e63",
      "name" : "PNodeChangeListener",
      "text" : "private final class PNodeChangeListener implements PropertyChangeListener {\n\n\tprivate final java.util.UUID uuid = java.util.UUID.randomUUID();\n\n\t@Override\n\tpublic boolean equals(Object o) {\n\t\tif (this == o) return true;\n\t\tif (o == null || getClass() != o.getClass()) return false;\n\t\tPNodeChangeListener that = (PNodeChangeListener) o;\n\t\treturn uuid.equals(that.uuid);\n\t}\n\n\t@Override\n\tpublic int hashCode() {\n\t\treturn java.util.Objects.hash(uuid);\n\t}\n\n\t@Override\n\tpublic void propertyChange(PropertyChangeEvent evt) {\n\t\tswitch (evt.getPropertyName()) {\n\t\t\tcase PNode.PROPERTY_FULL_BOUNDS:\n\t\t\t\tbreak;\n\t\t\tcase PNode.PROPERTY_TRANSFORM:\n\t\t\t\tSwingUtilities.invokeLater(() -> updatePath((getSrc()), getDst()));\n\t\t\t\tbreak;\n\t\t\tcase PNode.PROPERTY_PARENT:\n\t\t\t\tbreak;\n\t\t}\n\t}\n} ",
      "parameters" : [ ]
    }, {
      "uuid" : "0580274b-b44e-40e6-b975-f1c061cfb6ec",
      "name" : "RelationInputEventHandler",
      "text" : "private final class RelationInputEventHandler extends PBasicInputEventHandler {\n\t\n\t@Override\n\tpublic void mouseEntered(PInputEvent event) {\n\t\tevent.getInputManager().setKeyboardFocus(this);\n\t\thighlight();\n\t}\n\n\t@Override\n\tpublic void mouseExited(PInputEvent event) {\n\t\tunhighlight();\n\t\tevent.getInputManager().setKeyboardFocus(canvas);\n\t}\n\n\t@Override\n\tpublic void mouseClicked(PInputEvent event) {\n\t\tif (event.isRightMouseButton()) {\n\t\t\tfinal JPopupMenu pop = new JPopupMenu();\n\t\t\tcanvas.setCursor(Cursor.getPredefinedCursor(Cursor.WAIT_CURSOR));\n\t\t\tonRelationRightClick(event, pop);\n\t\t\tcanvas.setCursor(Cursor.getPredefinedCursor(Cursor.DEFAULT_CURSOR));\n\t\t\tpop.show(canvas, (int) event.getCanvasPosition().getX(), (int) event.getCanvasPosition().getY());\n\t\t} else if (event.isLeftMouseButton()) {\n\t\t\tSwingUtilities.invokeLater(() -> onRelationLeftClick(event));\n\t\t}\n\t}\n\n\t@Override\n\tpublic void keyPressed(PInputEvent event) {\n\t\tonRelationKeyPressed(event);\n\t}\n} ",
      "parameters" : [ ]
    }, {
      "uuid" : "df8bad34-0c02-404d-b133-2142af024ec5",
      "name" : "RelationAction",
      "text" : "private static final class ~name~ extends RelationAction<~relationType~> {\n\n\t~fields:{it|~it.type~ ~it.name~;};separator=\"\\n\"~\n\n\t~name~(~relationType~ relation, ~canvasName~ canvas, PInputEvent event~if(fields)~, ~endif~~fields:{it|~it.type~ ~it.name~};separator=\", \"~) {\n\t\tsuper(\"~title~\", relation, canvas, event);\n\t\t~fields:{it|this.~it.name~ = ~it.name~;};separator=\"\\n\"~\n\t}\n\n\t@Override\n\tvoid actionPerformed(~relationType~ relation, ~canvasName~ canvas, PInputEvent event, ActionEvent e) {\n\t\t~statements:{it|~it~};separator=\"\\n\"~\n\t}\n} ",
      "parameters" : [ {
        "uuid" : "1c8cd26f-f7cc-410c-8cd1-a30318111e5f",
        "name" : "name",
        "type" : "SINGLE",
        "argumentType" : "Object"
      }, {
        "uuid" : "f106408a-dfad-433b-909d-03a23b5925bf",
        "name" : "relationType",
        "type" : "SINGLE",
        "argumentType" : "Object"
      }, {
        "uuid" : "95d65827-2d42-4002-8562-11e29a5bbb37",
        "name" : "fields",
        "type" : "KVLIST",
        "argumentType" : "Object",
        "keys" : [ {
          "uuid" : "91aa1be4-6db5-4f36-8bc1-ed28bd01d0db",
          "name" : "type",
          "argumentType" : "Object"
        }, {
          "uuid" : "fe05df22-ce62-4c8c-b3d7-ae17dad68b3f",
          "name" : "name",
          "argumentType" : "Object"
        } ]
      }, {
        "uuid" : "d9ea3bd7-fdc3-4ebf-af63-923bceec4ef6",
        "name" : "canvasName",
        "type" : "SINGLE",
        "argumentType" : "Object"
      }, {
        "uuid" : "36a4cd48-ac1c-4bb2-a67e-5c345e137cd5",
        "name" : "title",
        "type" : "SINGLE",
        "argumentType" : "Object"
      }, {
        "uuid" : "aaa63059-33b6-4812-8cda-08b7854719af",
        "name" : "statements",
        "type" : "LIST",
        "argumentType" : "Object"
      } ],
      "children" : [ ]
    }, {
      "uuid" : "73f85eb8-307d-4d8c-8d37-09b54275d8c3",
      "name" : "PRelationImpl",
      "text" : "package ~packageName~;\n\nimport org.piccolo2d.event.PInputEvent;\n\nimport javax.swing.*;\nimport java.awt.*;\nimport java.awt.event.ActionEvent;\nimport java.util.*;\n\npublic class ~name~ extends ~relationName~ {\n\n\t~fields:{it|~it.type~ ~it.name~;};separator=\"\\n\"~\n\n\tpublic ~name~(~canvasName~ canvas, ~srcNode~ src, ~dstNode~ dst~if(fields)~, ~fields:{it|~it.type~ ~it.name~};separator=\", \"~~endif~) {\n\t\tsuper(canvas, src, dst, ~if(nameExpression)~~nameExpression~~else~\"~name;format=\"lowFirst\"~\"~endif~, ~uuidExpression~);\n\t\t~fields:{it|this.~it.name~ = ~it.name~;};separator=\"\\n\"~\n\t}\n\n\t@Override\n\tprotected void onRelationRightClick(PInputEvent event, JPopupMenu pop) {\n\t\t~onRightClick:{it|~if(it.isSeparator)~pop.addSeparator()~else~pop.add(new ~it.name~(this, canvas, event))~endif~;};separator=\"\\n\"~\n\t}\n\n\t@Override\n\tprotected void onRelationKeyPressed(PInputEvent event) {\n~if(onKeyPressed)~\n\t\tswitch (event.getKeyCode()) {\n\t\t\t~onKeyPressed:{it|\ncase java.awt.event.KeyEvent.VK_~it.key~:\n\tnew ~it.name~(this, canvas, event).actionPerformed(null);\n\tbreak;\n};separator=\"\\n\"~\n\t\t}\n~endif~\n\t\tsuper.onRelationKeyPressed(event);\n\t}\n\n\t~actions:{it|~it~};separator=\"\\n\\n\"~\n} ",
      "parameters" : [ {
        "uuid" : "a8ea24c8-11cb-4539-a9fd-5f0d847847e6",
        "name" : "packageName",
        "type" : "SINGLE",
        "argumentType" : "String"
      }, {
        "uuid" : "3a1c24a7-65f9-4225-b649-f6d7a40b59f7",
        "name" : "name",
        "type" : "SINGLE",
        "argumentType" : "String"
      }, {
        "uuid" : "57fa990d-057a-4402-a828-8016558c2022",
        "name" : "relationName",
        "type" : "SINGLE",
        "argumentType" : "Object"
      }, {
        "uuid" : "5e20c37e-be9e-4f57-8aaa-4dd9f289fe8a",
        "name" : "fields",
        "type" : "KVLIST",
        "argumentType" : "Object",
        "keys" : [ {
          "uuid" : "ed99d3b8-9f17-47b8-8d54-7008765bb8db",
          "name" : "type",
          "argumentType" : "Object"
        }, {
          "uuid" : "16a7d495-cd9a-4ff4-98b9-37e0c0e39e07",
          "name" : "name",
          "argumentType" : "Object"
        } ]
      }, {
        "uuid" : "cc06d87e-c091-47d4-8d92-66dab6419003",
        "name" : "canvasName",
        "type" : "SINGLE",
        "argumentType" : "Object"
      }, {
        "uuid" : "83b786ed-ddd5-46b3-bc15-8c759b55e438",
        "name" : "srcNode",
        "type" : "SINGLE",
        "argumentType" : "Object"
      }, {
        "uuid" : "3c703d0a-05d0-4ecc-b393-2c21cac26aba",
        "name" : "dstNode",
        "type" : "SINGLE",
        "argumentType" : "Object"
      }, {
        "uuid" : "7f0d3b46-f9fe-43d0-a074-c2c2ea99da97",
        "name" : "nameExpression",
        "type" : "SINGLE",
        "argumentType" : "Object"
      }, {
        "uuid" : "e4f392fc-5ecc-409e-a7f2-1fb776c8aa8f",
        "name" : "uuidExpression",
        "type" : "SINGLE",
        "argumentType" : "Object"
      }, {
        "uuid" : "939b68b1-6872-4429-9bbc-793a950d7a00",
        "name" : "onRightClick",
        "type" : "KVLIST",
        "argumentType" : "Object",
        "keys" : [ {
          "uuid" : "6d5b7be2-b4f8-4bb4-a1cf-7482f3162701",
          "name" : "isSeparator",
          "argumentType" : "Object"
        }, {
          "uuid" : "6ec2a5f4-6976-4d0b-a20e-28b0a22318e5",
          "name" : "name",
          "argumentType" : "Object"
        } ]
      }, {
        "uuid" : "682bdad5-6872-4b42-9abd-d8bbc251ecde",
        "name" : "onKeyPressed",
        "type" : "KVLIST",
        "argumentType" : "Object",
        "keys" : [ {
          "uuid" : "c31fbfce-070b-4fe5-b12c-2785faca544e",
          "name" : "key",
          "argumentType" : "Object"
        }, {
          "uuid" : "b21c4a49-afb9-414a-aa0f-6b25f6614224",
          "name" : "name",
          "argumentType" : "Object"
        } ]
      }, {
        "uuid" : "484673bc-7713-432f-96df-9a7b0ea488af",
        "name" : "actions",
        "type" : "LIST",
        "argumentType" : "Object"
      } ]
    } ]
  } ],
  "tags" : "java"
}