{
  "uuid" : "0af2a59b-0c9e-43ec-a894-fa9828448a12",
  "name" : "Text",
  "delimiter" : "~",
  "templates" : [ {
    "uuid" : "d7f830e8-c2d5-4d7f-a38b-06c42d6317b1",
    "name" : "Block",
    "text" : "~lines:{it|~it~};separator=\"\\n\"~ ",
    "parameters" : [ {
      "uuid" : "50a8fc56-252e-4ef4-9ed9-63bb5ff6d306",
      "name" : "lines",
      "type" : "LIST",
      "argumentType" : "Object"
    } ]
  }, {
    "uuid" : "4e1bb39e-5a46-4926-883b-2db89e3b7347",
    "name" : "Line",
    "text" : "~line~~if(children)~\n\t~children:{it|~it~};separator=\"\\n\"~~endif~~if(end)~\n~end~~endif~\n~next~ ",
    "parameters" : [ {
      "uuid" : "41629b19-2e07-41e5-81e4-1d458e395e1f",
      "name" : "line",
      "type" : "SINGLE",
      "argumentType" : "Object"
    }, {
      "uuid" : "7f2d1878-cdbf-401b-a969-4b5f30a5a618",
      "name" : "children",
      "type" : "LIST",
      "argumentType" : "Object"
    }, {
      "uuid" : "3bc9d85f-01c5-4223-926f-273fd1b81d56",
      "name" : "end",
      "type" : "SINGLE",
      "argumentType" : "Object"
    }, {
      "uuid" : "3c979ccf-0e04-4761-8409-0d2086fa296c",
      "name" : "next",
      "type" : "SINGLE",
      "argumentType" : "Object"
    } ]
  }, {
    "uuid" : "10d90517-ab35-4090-b245-2a4063f03c6d",
    "name" : "Sequence",
    "text" : "~items:{it|~it~};separator=\" \"~ ",
    "parameters" : [ {
      "uuid" : "c61747ba-a4f2-4e14-80fa-89fd43a65217",
      "name" : "items",
      "type" : "LIST",
      "argumentType" : "Object"
    } ]
  }, {
    "uuid" : "f865d8f7-0e1d-4ece-b02a-cb1773bf9ae1",
    "name" : "Encapsulation",
    "text" : "~prefix~~content~~postfix~ ",
    "parameters" : [ {
      "uuid" : "524624de-a305-427f-866b-e150e44021b6",
      "name" : "prefix",
      "type" : "SINGLE",
      "argumentType" : "Object"
    }, {
      "uuid" : "e3987abb-a9cb-4f5f-8454-5d2110d02e8e",
      "name" : "content",
      "type" : "SINGLE",
      "argumentType" : "Object"
    }, {
      "uuid" : "1b2b53cd-8934-4fb3-8d74-203c8ce64a21",
      "name" : "postfix",
      "type" : "SINGLE",
      "argumentType" : "Object"
    } ]
  } ]
}