{
  "uuid" : "fc5a870d-cb22-46e2-86f0-555e30905950",
  "name" : "TypeScript",
  "delimiter" : "~",
  "templates" : [ {
    "uuid" : "98792b6e-3bca-4ff6-a427-313299ba6a98",
    "name" : "variableDeclaration",
    "text" : "let ~name~: ~type~~if(initializer)~ = ~initializer~~endif~; ",
    "parameters" : [ {
      "uuid" : "6c0f3031-5c14-467a-9423-a61041280f07",
      "name" : "name",
      "type" : "SINGLE",
      "argumentType" : "Object"
    }, {
      "uuid" : "4f71d2b4-d0a1-46ed-be16-68b5e1f7e6a9",
      "name" : "type",
      "type" : "SINGLE",
      "argumentType" : "Object"
    }, {
      "uuid" : "b6ecaddc-e592-4bd6-8f3c-5ff5bf9ccc55",
      "name" : "initializer",
      "type" : "SINGLE",
      "argumentType" : "Object"
    } ]
  }, {
    "uuid" : "924187dc-55af-4ed4-954b-ef0f183e7313",
    "name" : "embeddedExpression",
    "text" : "${ ~ref~ } ",
    "parameters" : [ {
      "uuid" : "4639e58a-aa8c-4334-aa2f-e059d25fd909",
      "name" : "ref",
      "type" : "SINGLE",
      "argumentType" : "Object"
    } ]
  }, {
    "uuid" : "2d010022-ffb7-4082-904b-8cf7be12992c",
    "name" : "arrayType",
    "text" : "Array<~elementType~> ",
    "parameters" : [ {
      "uuid" : "d385d7f7-65b4-4eae-a3b4-c39643cce7b7",
      "name" : "elementType",
      "type" : "SINGLE",
      "argumentType" : "Object"
    } ]
  }, {
    "uuid" : "33a0d763-cff9-42e3-9bf6-9bb8df494837",
    "name" : "arrayInitializer",
    "text" : "[~elements:{it|~it~};separator=\",\"~] ",
    "parameters" : [ {
      "uuid" : "60e98907-0ce7-4510-918a-34c688be21e2",
      "name" : "elements",
      "type" : "LIST",
      "argumentType" : "Object"
    } ]
  }, {
    "uuid" : "86cf7316-f4fd-4414-9fcc-cc5801b2b67f",
    "name" : "tupleType",
    "text" : "[~first~,~second~] ",
    "parameters" : [ {
      "uuid" : "90d28d46-35a5-4296-b63c-9b3034e98482",
      "name" : "first",
      "type" : "SINGLE",
      "argumentType" : "Object"
    }, {
      "uuid" : "3b60ff50-e8b4-4a51-9167-f6ade002ee89",
      "name" : "second",
      "type" : "SINGLE",
      "argumentType" : "Object"
    } ]
  }, {
    "uuid" : "9deaf2b8-3832-441c-8faf-d831c11e808d",
    "name" : "enumDeclaration",
    "text" : "enum ~name~ {~enumValues:{it|~it~};separator=\",\"~} ",
    "parameters" : [ {
      "uuid" : "54b25783-cddd-4a58-a9cf-5270184f3809",
      "name" : "name",
      "type" : "SINGLE",
      "argumentType" : "Object"
    }, {
      "uuid" : "ff6e3af8-5ace-48f1-9b45-b5ab1ae01ff1",
      "name" : "enumValues",
      "type" : "LIST",
      "argumentType" : "Object"
    } ]
  }, {
    "uuid" : "adf4793d-f85d-412b-a292-9d6da6567adb",
    "name" : "interface",
    "text" : "interface ~name~ {\n    ~properties:{it|~if(it.isReadOnly)~readonly ~endif~~it.name~~if(it.isReadOnly)~~elseif(it.isOptional)~?~endif~ : ~it.type~;};separator=\"\\n\"~\n} ",
    "parameters" : [ {
      "uuid" : "d54c28a3-0929-4404-8678-b815587b2fc4",
      "name" : "name",
      "type" : "SINGLE",
      "argumentType" : "Object"
    }, {
      "uuid" : "f4af56cf-5757-4306-8711-41990821a7e8",
      "name" : "properties",
      "type" : "KVLIST",
      "argumentType" : "Object",
      "keys" : [ {
        "uuid" : "eff84bdf-28e1-47f7-8e22-271aeeb1a0ca",
        "name" : "isReadOnly",
        "argumentType" : "Object"
      }, {
        "uuid" : "a125009c-1cb9-4b39-9fda-3c34b54544ff",
        "name" : "name",
        "argumentType" : "Object"
      }, {
        "uuid" : "d9052859-b059-4b29-a8e0-b3b86d42ff93",
        "name" : "isOptional",
        "argumentType" : "Object"
      }, {
        "uuid" : "b71b354b-d16d-4ac4-89a8-16da83880319",
        "name" : "type",
        "argumentType" : "Object"
      } ]
    } ]
  }, {
    "uuid" : "db431bd0-a333-4adc-b2ff-09565baf7d33",
    "name" : "functionalTypeInterface",
    "text" : "interface SearchFunc {\n\t(source: string, subString: string): boolean;\n} ",
    "parameters" : [ ]
  } ],
  "enums" : [ {
    "uuid" : "f3819176-f9ca-4cf5-8faa-a8941b3157bf",
    "name" : "Types",
    "values" : [ {
      "uuid" : "7770727a-d569-4cf1-8ec1-225647eb5891",
      "name" : "booleanType",
      "lexical" : "boolean"
    }, {
      "uuid" : "d416e71f-c424-4602-9ff6-ca6e268b1157",
      "name" : "numberType",
      "lexical" : "number"
    }, {
      "uuid" : "0a63d94c-20a7-4b8a-b1d4-26c1e6f62285",
      "name" : "stringType",
      "lexical" : "string"
    } ]
  } ],
  "icon" : "language-typescript"
}